{"run_id": "327ad087-1942-5726-9a60-3a463c8b3f0b", "metrics": {"RBP": 0.12383548631380902, "NDCG": 0.12477888927916801, "RecipRank": 0.241802934660225, "Hit": 0.9178665585074021, "RMSE": 0.7801993058248641, "MAE": 0.627295198765911}, "params": {"features": 150, "reg": 0.1}}
