{"run_id": "86b2f33b-4036-5723-b79d-10cc9e8aff99", "metrics": {"RBP": 0.14818188639600102, "NDCG": 0.11731471677280401, "RecipRank": 0.270607391022953, "Hit": 0.909551815047657, "RMSE": 0.7979704930564621, "MAE": 0.646175728271802}, "params": {"user_damping": 44.78911848712553, "item_damping": 7.546117388258709}}
