{"run_id": "327ad087-1942-5726-9a60-3a463c8b3f0b", "metrics": {"RBP": 0.123790427867317, "NDCG": 0.12483501571328101, "RecipRank": 0.241929558757904, "Hit": 0.9180693571283711, "RMSE": 0.779985410052564, "MAE": 0.6272125747620381}, "params": {"features": 150, "reg": 0.1}}
