{"run_id": "0b667690-b820-5906-8d26-73679201bd34", "metrics": {"RBP": 0.148144978495588, "NDCG": 0.116755425257135, "RecipRank": 0.270751954177822, "Hit": 0.9085378219428101, "RMSE": 0.798503895462995, "MAE": 0.6464367440988861}, "params": {"user_damping": 25, "item_damping": 5}}
