{"run_id": "44466976-c4b6-513a-b1fc-6113b14afdc0", "metrics": {"RBP": 0.039375913936004, "NDCG": 0.059703882154719, "RecipRank": 0.12086344927666401, "Hit": 0.787467045224092, "RMSE": 0.775372977197051, "MAE": 0.6221657595734971}, "params": {"feedback": "explicit", "save_nbrs": 5000, "nnbrs": 29, "min_nbrs": 4, "min_sim": 0.000965125857851}}
