{"run_id": "9672e545-9780-5c05-9f62-2f80866d67a3", "metrics": {"RBP": 0.22727355255564002, "NDCG": 0.21565762252949902, "RecipRank": 0.352055961114264, "Hit": 0.8923139322652601}, "params": {"feedback": "implicit", "nnbrs": 50, "min_nbrs": 1}}
