{"run_id": "be7f866f-42a2-5b49-9ebe-2e1d4c7058c8", "metrics": {"RBP": 0.22641067680062602, "NDCG": 0.131424396957069, "RecipRank": 0.350169512844818, "Hit": 0.7965929831677141}, "params": {"feedback": "implicit", "save_nbrs": 5000, "nnbrs": 49, "min_nbrs": 1, "min_sim": 0.008353093712565}}
