{"run_id": "5dbf9065-ce64-57db-88f3-382584df8b3c", "metrics": {"RBP": 0.032928789421382006, "NDCG": 0.11780953704628201, "RecipRank": 0.11508834868184101, "Hit": 0.9160413709186771, "RMSE": 0.7754815819978821, "MAE": 0.6223946628965}, "params": {"feedback": "explicit", "nnbrs": 35, "min_nbrs": 2}}
