{"run_id": "4a583b04-0f13-5f36-af1e-6c4875176d85", "metrics": {"RBP": 0.227314593375486, "NDCG": 0.13148862629152802, "RecipRank": 0.351546397567916, "Hit": 0.7969985804096531}, "params": {"feedback": "implicit", "save_nbrs": 5000, "nnbrs": 50, "min_nbrs": 2}}
