{"run_id": "5dbf9065-ce64-57db-88f3-382584df8b3c", "metrics": {"RBP": 0.030571714593609002, "NDCG": 0.057030803673581, "RecipRank": 0.10768667599470401, "Hit": 0.7848306631514901, "RMSE": 0.7758448183545951, "MAE": 0.6226662870548371}, "params": {"feedback": "explicit", "save_nbrs": 5000, "nnbrs": 35, "min_nbrs": 2}}
