{"run_id": "ad8762fb-3640-517f-8c58-5756cd5dee82", "metrics": {"RBP": 0.17486943214692202, "NDCG": 0.195784516260558, "RecipRank": 0.28732477887852104, "Hit": 0.890083147434597}, "params": {"features": 5, "reg": 0.01}}
