{"run_id": "ad8762fb-3640-517f-8c58-5756cd5dee82", "metrics": {"RBP": 0.174902820994036, "NDCG": 0.195425377674387, "RecipRank": 0.28762566351024405, "Hit": 0.889677550192658}, "params": {"features": 5, "reg": 0.01}}
