{
  "rec_idx": 7,
  "user_damping": 5,
  "item_damping": 10,
  "TrainTime": 2.331862211227417,
  "TrainCPU": 2.3383750915527344,
  "TrainMemMB": 1518.4921875,
  "nrecs": 100.0,
  "ntruth": 5.0,
  "recip_rank": 0.0713824502577068,
  "ndcg": 0.048286800940668194,
  "rmse": 0.8296119106009082,
  "mae": 0.6991937762162578
}
