{
  "run": 29,
  "features": 250,
  "reg": 0.1,
  "TrainTime": 136.5856170654297,
  "TrainCPU": 28200.37109375,
  "TrainMemMB": 12076.6484375,
  "nrecs": 100.0,
  "ntruth": 5.0,
  "recip_rank": 0.05036944995672108,
  "ndcg": 0.04241388064420515,
  "rmse": 0.7865736113011444,
  "mae": 0.6599770158579393
}
