{"run_id": "58164816-bc76-5788-a6d2-c7bc8fb5be2f", "metrics": {"RBP": 0.029463602105230004, "NDCG": 0.06608051024952001, "RecipRank": 0.071488843177021, "Hit": 0.64768174012593, "RMSE": 0.8319272401326281, "MAE": 0.70057320054226}, "params": {"user_damping": 5, "item_damping": 10}}
