{"run_id": "da169cb4-2fa0-53e8-9663-a7b8cbdd67c4", "metrics": {"RBP": 0.017235011106261, "NDCG": 0.061060880257629006, "RecipRank": 0.051211814379029004, "Hit": 0.644175729822553, "RMSE": 0.7883363743864411, "MAE": 0.660986296680628}, "params": {"features": 250, "reg": 0.1}}
