{"run_id": "f274ce28-5b63-5370-add0-17665de5d4bb", "metrics": {"RBP": 0.185231452235354, "NDCG": 0.35310341688246505, "RecipRank": 0.35876521068583705, "Hit": 0.9968517458500281}, "params": {"features": 250}}
