{
  "rec_idx": 6,
  "nnbrs": 15,
  "min_nbrs": 2,
  "TrainTime": 21.068437576293945,
  "TrainCPU": 1271.7054443359375,
  "TrainMemMB": 4708.015625,
  "nrecs": 100.0,
  "ntruth": 5.0,
  "recip_rank": 0.013837224572833519,
  "ndcg": 0.02266665997034825,
  "rmse": 0.7739731092672341,
  "mae": 0.6469579810547441
}
