{
  "rec_idx": 11,
  "nnbrs": 50,
  "min_nbrs": 1,
  "TrainTime": 21.72475242614746,
  "TrainCPU": 1141.7279052734375,
  "TrainMemMB": 6446.43359375,
  "nrecs": 100.0,
  "ntruth": 5.0,
  "recip_rank": 0.31765853026793855,
  "ndcg": 0.2519157331749868
}
