{
  "run": 22,
  "features": 100,
  "regularization": 0.01,
  "TrainTime": 7.466491222381592,
  "TrainCPU": 7.472300052642822,
  "TrainMemMB": 26127.0234375,
  "nrecs": 10676.0,
  "ntruth": 5.0,
  "ndcg": 0.3434775409373467,
  "recip_rank": 0.3215965845994706
}
