{"run_id": "d371fd53-02de-52c4-89be-e91e7652e215", "metrics": {"RBP": 0.15832496567440302, "NDCG": 0.34784446833179805, "RecipRank": 0.312313282480968, "Hit": 0.998139668002289}, "params": {"features": 250, "reg": 0.01}}
