{
  "run": 11,
  "nnbrs": 50,
  "min_nbrs": 1,
  "TrainTime": 5.181039333343506,
  "TrainCPU": 5.302799224853516,
  "TrainMemMB": 12304.98828125,
  "nrecs": 10356.292215226102,
  "ntruth": 5.0,
  "ndcg": 0.1252860506457129,
  "recip_rank": 0.006245466970411927,
  "rmse": 0.793380521979406,
  "mae": 0.6650383257116648
}
