{"run_id": "a70bc620-6966-5832-b7aa-ff7aeeffe19f", "metrics": {"RBP": 0.24366367383587903, "NDCG": 0.398827888115634, "RecipRank": 0.43633828732039504, "Hit": 0.9972810532341151}, "params": {"feedback": "implicit", "nnbrs": 50, "min_nbrs": 2}}
