{
  "run": 11,
  "nnbrs": 50,
  "min_nbrs": 1,
  "TrainTime": 5.297143459320068,
  "TrainCPU": 5.417111873626709,
  "TrainMemMB": 12996.1015625,
  "nrecs": 10534.361763022323,
  "ntruth": 5.0,
  "ndcg": 0.4159096749051638,
  "recip_rank": 0.43282621489439044
}
