{
  "rec_idx": 29,
  "features": 250,
  "reg": 0.1,
  "TrainTime": 328.12237548828125,
  "TrainCPU": 61722.63671875,
  "TrainMemMB": 13276.62890625,
  "nrecs": 100.0,
  "ntruth": 5.0,
  "recip_rank": 0.03709279903340787,
  "ndcg": 0.032671392368089996,
  "rmse": 0.7846027638005597,
  "mae": 0.6562620989487149
}
