{
  "run": 8,
  "user_damping": 5,
  "item_damping": 25,
  "TrainTime": 5.1949567794799805,
  "TrainCPU": 5.19449520111084,
  "TrainMemMB": 2868.7421875,
  "nrecs": 100.0,
  "ntruth": 5.0,
  "recip_rank": 0.0786736916273963,
  "ndcg": 0.054844159015653975,
  "rmse": 0.8291994215300358,
  "mae": 0.6973780006331125
}
