{
  "rec_idx": 5,
  "nnbrs": 15,
  "min_nbrs": 1,
  "TrainTime": 39.29608154296875,
  "TrainCPU": 2979.891357421875,
  "TrainMemMB": 10640.11328125,
  "nrecs": 100.0,
  "ntruth": 5.0,
  "recip_rank": 0.002516092010932587,
  "ndcg": 0.006559782001377874,
  "rmse": 0.7686359402607443,
  "mae": 0.6394845799212551
}
