{
  "rec_idx": 11,
  "nnbrs": 50,
  "min_nbrs": 1,
  "TrainTime": 48.65126419067383,
  "TrainCPU": 3441.62451171875,
  "TrainMemMB": 16149.453125,
  "nrecs": 100.0,
  "ntruth": 5.0,
  "recip_rank": 0.2916741245463055,
  "ndcg": 0.22513839575748545
}
