{
  "run": 16,
  "features": 50,
  "regularization": 0.01,
  "TrainTime": 10.764001846313477,
  "TrainCPU": 10.774266242980957,
  "TrainMemMB": 91437.4765625,
  "nrecs": 26735.0,
  "ntruth": 5.0,
  "ndcg": 0.3189185748183472,
  "recip_rank": 0.2884108443013987
}
