{
  "run": 11,
  "nnbrs": 50,
  "min_nbrs": 1,
  "TrainTime": 7.194307804107666,
  "TrainCPU": 7.312325954437256,
  "TrainMemMB": 53353.10546875,
  "nrecs": 26533.483230441532,
  "ntruth": 5.0,
  "ndcg": 0.4025306832380874,
  "recip_rank": 0.4233189385310712
}
