{"n_users": 13976, "wall_time": 2.623977100942284, "cpu_time": 2.6278629999999996, "cpu_usr": 2.235137, "cpu_sys": 0.3927259999999999, "rss_max_kb": 1450980}
{"n_users": 13976, "wall_time": 2.5577753516845405, "cpu_time": 2.5633749999999997, "cpu_usr": 2.177675, "cpu_sys": 0.38569999999999993, "rss_max_kb": 10077884}
{"n_users": 13975, "wall_time": 2.597493517678231, "cpu_time": 2.6001630000000002, "cpu_usr": 2.228027, "cpu_sys": 0.37213600000000024, "rss_max_kb": 17033396}
{"n_users": 13975, "wall_time": 2.574542091693729, "cpu_time": 2.579338, "cpu_usr": 2.180764, "cpu_sys": 0.398574, "rss_max_kb": 23900680}
