{"n_users": 13976, "wall_time": 50.86554168397561, "cpu_time": 9559.861204, "cpu_usr": 2686.353779, "cpu_sys": 6873.507425, "rss_max_kb": 4390552}
{"n_users": 13976, "wall_time": 50.068080763332546, "cpu_time": 9479.053261, "cpu_usr": 2659.229266, "cpu_sys": 6819.823995, "rss_max_kb": 10148076}
{"n_users": 13975, "wall_time": 52.38401729334146, "cpu_time": 10050.060766999999, "cpu_usr": 2798.709957, "cpu_sys": 7251.35081, "rss_max_kb": 17107088}
{"n_users": 13975, "wall_time": 51.809824828989804, "cpu_time": 9752.078903, "cpu_usr": 2728.507862, "cpu_sys": 7023.571041, "rss_max_kb": 24107076}
