{"n_users": 13976, "wall_time": 23.58650067122653, "cpu_time": 1245.352971, "cpu_usr": 395.206077, "cpu_sys": 850.1468940000001, "rss_max_kb": 3212972}
{"n_users": 13976, "wall_time": 22.402979291975498, "cpu_time": 1231.498042, "cpu_usr": 388.354159, "cpu_sys": 843.143883, "rss_max_kb": 14885652}
{"n_users": 13975, "wall_time": 21.520955733954906, "cpu_time": 1221.425197, "cpu_usr": 376.262968, "cpu_sys": 845.162229, "rss_max_kb": 21828816}
{"n_users": 13975, "wall_time": 21.03125483682379, "cpu_time": 1293.47687, "cpu_usr": 392.102736, "cpu_sys": 901.374134, "rss_max_kb": 28787376}
