{"n_users": 13976, "wall_time": 20.83465929189697, "cpu_time": 1189.193107, "cpu_usr": 352.02746, "cpu_sys": 837.1656469999999, "rss_max_kb": 2924180}
{"n_users": 13976, "wall_time": 21.31575720012188, "cpu_time": 1431.296039, "cpu_usr": 418.472302, "cpu_sys": 1012.823737, "rss_max_kb": 13326476}
{"n_users": 13975, "wall_time": 19.340753734577447, "cpu_time": 1210.2343099999998, "cpu_usr": 367.543008, "cpu_sys": 842.691302, "rss_max_kb": 20163544}
{"n_users": 13975, "wall_time": 19.99736978393048, "cpu_time": 1297.0565390000002, "cpu_usr": 403.73753700000003, "cpu_sys": 893.3190020000001, "rss_max_kb": 27019384}
