{"n_users": 13976, "wall_time": 16.261673958040774, "cpu_time": 1517.355264, "cpu_usr": 1456.882843, "cpu_sys": 60.472421, "rss_max_kb": 3995860}
{"n_users": 13976, "wall_time": 14.793246906716377, "cpu_time": 1285.126618, "cpu_usr": 1227.02582, "cpu_sys": 58.100798000000005, "rss_max_kb": 10147644}
{"n_users": 13975, "wall_time": 15.210755704902112, "cpu_time": 1055.414297, "cpu_usr": 1001.388939, "cpu_sys": 54.025358, "rss_max_kb": 17098872}
{"n_users": 13975, "wall_time": 15.752433136105537, "cpu_time": 1438.006096, "cpu_usr": 1380.933822, "cpu_sys": 57.072274, "rss_max_kb": 24076840}
