{"n_users": 13976, "wall_time": 1.372573381755501, "cpu_time": 1.384807, "cpu_usr": 1.2847849999999998, "cpu_sys": 0.10002200000000006, "rss_max_kb": 1027012}
{"n_users": 13976, "wall_time": 1.2727101938799024, "cpu_time": 1.2751819999999996, "cpu_usr": 1.1596659999999996, "cpu_sys": 0.11551599999999995, "rss_max_kb": 10076516}
{"n_users": 13975, "wall_time": 1.184201555326581, "cpu_time": 1.1892370000000003, "cpu_usr": 1.1039070000000004, "cpu_sys": 0.0853299999999999, "rss_max_kb": 17008328}
{"n_users": 13975, "wall_time": 1.273642597720027, "cpu_time": 1.2777189999999998, "cpu_usr": 1.1696289999999996, "cpu_sys": 0.10809000000000024, "rss_max_kb": 23969868}
