{"RBP":0.1426247094402803,"epochs":7,"attempted_epochs":8,"final_metric":0.1426247094402803,"config":{"embedding_size_exp":4,"regularization":{"user":0.0010503952409670182,"item":0.00004691305059614047},"weight":5.049219844683866,"epochs":7}}
