{"RBP":0.1375728097037199,"epochs":14,"attempted_epochs":16,"final_metric":0.1374901630638434,"config":{"embedding_size_exp":4,"regularization":{"user":0.0031100470295464503,"item":0.000010637904525173602},"weight":5.522611920540539,"epochs":14}}
