{"RMSE":0.8388086649530841,"epochs":0,"attempted_epochs":5,"final_metric":0.8194700446770949,"params":{"embedding_size%pow2":10,"regularization.user":0.05587562579078162,"regularization.item":0.17557538583669183,"damping.user":1.493126686251495e-12,"damping.item":1.1327357775436059e-12,"epochs":0},"config":{"embedding_size":1024,"regularization":{"user":0.05587562579078162,"item":0.17557538583669183},"damping":{"user":1.493126686251495e-12,"item":1.1327357775436059e-12},"epochs":0}}
