{"RMSE":0.8465624141152156,"epochs":0,"attempted_epochs":6,"final_metric":0.8194486148026378,"config":{"embedding_size_exp":9,"regularization":{"user":0.17633349580603627,"item":0.0718150086020459},"damping":{"user":0.000016429028926976108,"item":2.621953930538899e-10},"epochs":0}}
