{"RMSE":0.8466081789676038,"epochs":0,"attempted_epochs":5,"final_metric":0.8184575583006479,"config":{"embedding_size_exp":7,"regularization":{"user":0.13507812423087653,"item":0.06458570547903725},"damping":{"user":7.184432717673397,"item":1.3500909010423023e-9},"epochs":0}}
