{"RMSE":0.8429332407077738,"epochs":0,"attempted_epochs":5,"final_metric":0.8196332356361804,"config":{"embedding_size_exp":9,"regularization":{"user":0.09515754166585254,"item":0.09768085117706003},"damping":{"user":2.3714838900253634e-11,"item":6.537856053072468e-8},"epochs":0}}
