{"RBP":0.13631400547380415,"epochs":5,"attempted_epochs":9,"final_metric":0.1361740960290123,"params":{"embedding_size%pow2":4,"regularization.user":0.0027783069967884447,"regularization.item":0.06167666762138482,"weight":5.252829697393321,"epochs":5},"config":{"embedding_size":16,"regularization":{"user":0.0027783069967884447,"item":0.06167666762138482},"weight":5.252829697393321,"epochs":5}}
