{"RMSE":0.8513046045967172,"config":{"damping":{"user":0.5330866745064131,"item":0.6199627257937463}}}
