{"RMSE":0.8512824837983537,"config":{"damping":{"user":0.7106541499731781,"item":0.8625251513706489}}}
