{"RMSE":0.8512824807775611,"config":{"damping":{"user":1.0681201773161215,"item":0.9228061931216778}}}
