{"RBP":0.16600215740471713,"config":{"regularization":266.18859080244187}}
