{"RBP":0.16596918233254707,"config":{"regularization":264.38151954045867}}
