{"RBP":0.16604146132828607,"config":{"regularization":220.76430139428996}}
