{"RBP":0.12046911074150836,"epochs":3,"attempted_epochs":7,"final_metric":0.11603679638281589,"config":{"embedding_size":4,"regularization":0.11805904487835352,"learning_rate":0.01589359897808225,"positive_weight":7,"item_bias":true,"epochs":3}}
