{"RBP":0.14511132494352416,"epochs":21,"attempted_epochs":25,"final_metric":0.14423624145099126,"config":{"embedding_size":8,"regularization":1.6096836745922316,"learning_rate":0.006252841545909834,"negative_count":2,"positive_weight":3,"item_bias":false,"epochs":21}}
