{"RBP":0.14864542699769062,"epochs":9,"attempted_epochs":13,"final_metric":0.14707608075107526,"config":{"embedding_size":7,"regularization":0.7523504130077977,"learning_rate":0.013907143304979502,"negative_count":4,"positive_weight":3,"user_bias":true,"item_bias":false,"epochs":9}}
