{"RBP":0.15226588380214842,"epochs":5,"attempted_epochs":9,"final_metric":0.14384556397063214,"config":{"embedding_size":9,"regularization":1.3928158183742292,"learning_rate":0.024558893855249467,"negative_count":5,"positive_weight":8,"item_bias":true,"epochs":5}}
