{"RBP":0.14122570469653434,"epochs":11,"attempted_epochs":14,"final_metric":0.1411314476527108,"config":{"embedding_size":9,"regularization":0.9680872608665559,"learning_rate":0.008697573565200508,"negative_count":2,"positive_weight":6,"item_bias":true,"epochs":11}}
