{"RBP":0.15388254650375233,"epochs":12,"attempted_epochs":16,"final_metric":0.15203071346036648,"params":{"embedding_size%pow2":10,"regularization":1.462884696812691,"learning_rate":0.006419146496088386,"negative_count":4,"positive_weight":3,"user_bias":false,"item_bias":false,"epochs":12},"config":{"embedding_size":1024,"regularization":1.462884696812691,"learning_rate":0.006419146496088386,"negative_count":4,"positive_weight":3,"user_bias":false,"item_bias":false,"epochs":12}}
