{"RBP":0.14456533913493055,"epochs":12,"attempted_epochs":16,"final_metric":0.14016116625231817,"config":{"embedding_size":8,"regularization":0.6490900114577398,"learning_rate":0.012624411983944204,"negative_count":3,"positive_weight":4,"user_bias":true,"item_bias":false,"epochs":12}}
