{"RBP":0.11902717130560571,"epochs":2,"attempted_epochs":6,"final_metric":0.11791961263735648,"config":{"embedding_size":4,"regularization":0.04505889302763919,"learning_rate":0.027242384452087574,"positive_weight":1,"item_bias":true,"epochs":2}}
