{"RBP":0.14489709331686587,"epochs":18,"attempted_epochs":21,"final_metric":0.14298375122110582,"config":{"embedding_size":10,"regularization":0.6313061358889676,"learning_rate":0.003989805315262453,"negative_count":2,"positive_weight":7,"item_bias":true,"epochs":18}}
