{"RMSE":0.9271868676377832,"epochs":0,"attempted_epochs":7,"final_metric":0.8500286462877655,"params":{"embedding_size%pow2":9,"regularization":3.3402186171321886,"learning_rate":0.024962880473753734,"epochs":0},"config":{"embedding_size":512,"regularization":3.3402186171321886,"learning_rate":0.024962880473753734,"epochs":0}}
