{"RBP":0.12194747794440589,"epochs":3,"attempted_epochs":7,"final_metric":0.11868200198227656,"config":{"embedding_size":4,"regularization":0.12703070591704843,"learning_rate":0.01691941009211276,"positive_weight":4,"item_bias":true,"epochs":3}}
