{"RBP":0.14713958338764158,"epochs":7,"attempted_epochs":11,"final_metric":0.1451595786480875,"config":{"embedding_size":10,"regularization":2.0271041955680364,"learning_rate":0.014899716069837799,"negative_count":5,"positive_weight":8,"user_bias":false,"item_bias":true,"epochs":7}}
