{"RMSE":1.006262788906767,"epochs":0,"attempted_epochs":7,"final_metric":0.8438207060072906,"config":{"embedding_size":10,"regularization":4.849161671614301,"learning_rate":0.011159602370969992,"epochs":0}}
