{"RMSE":0.9022490757666518,"epochs":0,"attempted_epochs":5,"final_metric":0.8515480233098788,"config":{"embedding_size_exp":8,"regularization":3.7927617708625925,"learning_rate":0.04618869041910354,"epochs":0}}
