{"RBP":0.15053901795676328,"epochs":13,"attempted_epochs":17,"final_metric":0.1471455736630265,"config":{"embedding_size":7,"regularization":0.6096052813003802,"learning_rate":0.01222427584100974,"negative_count":4,"positive_weight":1,"user_bias":true,"item_bias":true,"epochs":13}}
