{"RBP":0.14293315614161087,"epochs":10,"attempted_epochs":14,"final_metric":0.14122899569009525,"config":{"embedding_size":9,"regularization":1.3517491485425572,"learning_rate":0.021998348330296333,"negative_count":4,"positive_weight":8,"user_bias":false,"item_bias":true,"epochs":10}}
