{"RBP":0.14701089192265188,"epochs":13,"attempted_epochs":17,"final_metric":0.14368988765256815,"params":{"embedding_size%pow2":6,"regularization":0.9187738554499193,"learning_rate":0.023017000984723222,"negative_count":5,"positive_weight":8,"item_bias":true,"epochs":13},"config":{"embedding_size":64,"regularization":0.9187738554499193,"learning_rate":0.023017000984723222,"negative_count":5,"positive_weight":8,"item_bias":true,"epochs":13}}
