{"RBP":0.12123997972041535,"epochs":2,"attempted_epochs":6,"final_metric":0.11699703009384586,"params":{"embedding_size%pow2":4,"regularization":0.005426837780235334,"learning_rate":0.024575506296994017,"positive_weight":8,"item_bias":true,"epochs":2},"config":{"embedding_size":16,"regularization":0.005426837780235334,"learning_rate":0.024575506296994017,"positive_weight":8,"item_bias":true,"epochs":2}}
