{"RMSE":0.9278895860624088,"epochs":0,"attempted_epochs":8,"final_metric":0.8491000227310055,"config":{"embedding_size":8,"regularization":3.150585154539986,"learning_rate":0.03204087982292102,"epochs":0}}
