{"RMSE":1.0398173347671327,"epochs":0,"attempted_epochs":8,"final_metric":0.8536997650928511,"config":{"embedding_size_exp":4,"regularization":0.2631014181554016,"learning_rate":0.017874969002770604,"epochs":0}}
