{"RBP":0.11725817298237737,"epochs":3,"attempted_epochs":7,"final_metric":0.11530016825679118,"config":{"embedding_size":4,"regularization":0.000221750858741631,"learning_rate":0.01416393146343378,"positive_weight":4,"item_bias":false,"epochs":3}}
