{"RMSE":0.99322195078664,"epochs":0,"attempted_epochs":8,"final_metric":0.8528744551009466,"config":{"embedding_size":7,"regularization":2.491462126212415,"learning_rate":0.025249001355027993,"epochs":0}}
