{"RBP":0.11821132995146767,"config":{"max_nbrs":50,"min_nbrs":5,"min_sim":0.05883264200560981}}
