{"RMSE":0.8173772728743436,"config":{"max_nbrs":12,"min_nbrs":1,"min_sim":3.873728391834302e-6}}
