{"RBP":0.11820532264647682,"config":{"max_nbrs":50,"min_nbrs":4,"min_sim":0.053667000529761935}}
