{"RMSE":0.817377447856325,"config":{"max_nbrs":12,"min_nbrs":3,"min_sim":0.00019319790657618645}}
