{"RBP":0.16474626633759631,"config":{"max_nbrs":772,"l1_reg":0.1789966235261524,"l2_reg":167.3144283277016}}
