{"RBP":0.16474812083449658,"config":{"max_nbrs":600,"l1_reg":0.0101242479602845,"l2_reg":163.17822727123448}}
