{"RBP":0.16265549915796398,"config":{"l1_reg":1.9277489689177396,"l2_reg":228.97796262022229}}
