{"RBP":0.16358732003512855,"config":{"l1_reg":0.2807869634116873,"l2_reg":115.70213945676828}}
