{"RMSE":0.8503448535459593,"config":{"max_nbrs":34,"min_nbrs":5,"min_sim":7.5589914103249506e-6}}
