{"RBP":0.14014980836230773,"config":{"max_nbrs":44,"min_nbrs":3,"min_sim":0.004541918392171179}}
