{"RBP":0.14014980836230273,"config":{"max_nbrs":44,"min_nbrs":5,"min_sim":0.01114153910188901}}
