{"n_users": 13976, "wall_time": 2.741222538985312, "cpu_time": 2.7519209999999994, "cpu_usr": 2.2779649999999996, "cpu_sys": 0.47395600000000004, "rss_max_kb": 1450056}
{"n_users": 13976, "wall_time": 2.726629931014031, "cpu_time": 2.7304959999999996, "cpu_usr": 2.3559089999999996, "cpu_sys": 0.374587, "rss_max_kb": 10083592}
{"n_users": 13975, "wall_time": 2.219166796654463, "cpu_time": 2.22476, "cpu_usr": 1.971936, "cpu_sys": 0.25282399999999994, "rss_max_kb": 17038976}
{"n_users": 13975, "wall_time": 2.203076326288283, "cpu_time": 2.208449, "cpu_usr": 1.9159259999999998, "cpu_sys": 0.2925230000000001, "rss_max_kb": 24003452}
