{"n_users": 13976, "wall_time": 133.87277647992596, "cpu_time": 27408.905949, "cpu_usr": 8405.74792, "cpu_sys": 19003.158029, "rss_max_kb": 12341520}
{"n_users": 13976, "wall_time": 133.39642277220264, "cpu_time": 27330.444567, "cpu_usr": 8389.031512, "cpu_sys": 18941.413054999997, "rss_max_kb": 12349340}
{"n_users": 13975, "wall_time": 135.69012377317995, "cpu_time": 27883.540639, "cpu_usr": 8546.869494999999, "cpu_sys": 19336.671144, "rss_max_kb": 17357988}
{"n_users": 13975, "wall_time": 136.57225596392527, "cpu_time": 28252.129070000003, "cpu_usr": 8577.364274000001, "cpu_sys": 19674.764796000003, "rss_max_kb": 24221040}
