{"n_users": 13976, "wall_time": 23.474621681962162, "cpu_time": 1314.926251, "cpu_usr": 402.735651, "cpu_sys": 912.1906, "rss_max_kb": 3183500}
{"n_users": 13976, "wall_time": 22.81538686202839, "cpu_time": 1213.302005, "cpu_usr": 381.4634, "cpu_sys": 831.8386049999999, "rss_max_kb": 14886384}
{"n_users": 13975, "wall_time": 22.57894523628056, "cpu_time": 1194.699507, "cpu_usr": 374.428613, "cpu_sys": 820.270894, "rss_max_kb": 21838716}
{"n_users": 13975, "wall_time": 22.97142986720428, "cpu_time": 1254.302889, "cpu_usr": 379.38401600000003, "cpu_sys": 874.9188730000001, "rss_max_kb": 28712832}
