{"n_users": 13976, "wall_time": 22.329464881215245, "cpu_time": 1351.111872, "cpu_usr": 409.77192, "cpu_sys": 941.339952, "rss_max_kb": 3095092}
{"n_users": 13976, "wall_time": 19.430731144733727, "cpu_time": 1106.1637540000002, "cpu_usr": 338.580778, "cpu_sys": 767.582976, "rss_max_kb": 13328196}
{"n_users": 13975, "wall_time": 18.75093081407249, "cpu_time": 1091.474337, "cpu_usr": 338.838572, "cpu_sys": 752.635765, "rss_max_kb": 20131008}
{"n_users": 13975, "wall_time": 19.73348560463637, "cpu_time": 1329.103104, "cpu_usr": 390.217552, "cpu_sys": 938.8855520000001, "rss_max_kb": 26978692}
