{"n_users": 13976, "wall_time": 54.79295076895505, "cpu_time": 4152.03924, "cpu_usr": 3905.226612, "cpu_sys": 246.812628, "rss_max_kb": 9649140}
{"n_users": 13976, "wall_time": 52.69734024768695, "cpu_time": 4137.229024, "cpu_usr": 3878.212974, "cpu_sys": 259.01605, "rss_max_kb": 10399800}
{"n_users": 13975, "wall_time": 54.42844603676349, "cpu_time": 4104.429154, "cpu_usr": 3840.716813, "cpu_sys": 263.71234100000004, "rss_max_kb": 17347604}
{"n_users": 13975, "wall_time": 54.02105026366189, "cpu_time": 4127.001211, "cpu_usr": 3854.586642, "cpu_sys": 272.414569, "rss_max_kb": 24315680}
