{"RBP":0.10671509257220305,"epochs":6,"attempted_epochs":7,"final_metric":0.10671509257220305,"config":{"embedding_size_exp":6,"regularization":{"user":0.1735930156931024,"item":0.0003705669719545892},"weight":6.592528064172942,"epochs":6}}
