{"RMSE":0.8676798425967774,"epochs":0,"attempted_epochs":6,"final_metric":0.8258833147857463,"config":{"embedding_size_exp":9,"regularization":{"user":0.06119844235467635,"item":0.05429339910929542},"damping":{"user":6.621798502068237e-6,"item":2.2917834564806152e-7},"epochs":0}}
