{"RBP":0.10892201274238039,"epochs":6,"attempted_epochs":10,"final_metric":0.10851325430112523,"config":{"embedding_size_exp":6,"regularization":{"user":0.0016236185046906444,"item":0.0006117699653699804},"weight":5.000156706096204,"epochs":6}}
