{"RBP":0.1077864382910818,"epochs":12,"attempted_epochs":13,"final_metric":0.1077864382910818,"params":{"embedding_size%pow2":7,"regularization.user":0.0015012880356516023,"regularization.item":0.013385112027731036,"weight":5.154314439628157,"epochs":12},"config":{"embedding_size":128,"regularization":{"user":0.0015012880356516023,"item":0.013385112027731036},"weight":5.154314439628157,"epochs":12}}
