{"RMSE":0.8671968046661401,"epochs":0,"attempted_epochs":5,"final_metric":0.8257958510641777,"config":{"embedding_size_exp":10,"regularization":{"user":0.047697472564496815,"item":0.08801356814448637},"damping":{"user":0.04703085679619406,"item":0.008037611157935486},"epochs":0}}
