{"RMSE":0.8750621481704356,"epochs":0,"attempted_epochs":6,"final_metric":0.8261713977634364,"params":{"embedding_size%pow2":10,"regularization.user":0.17555206634721238,"regularization.item":0.02483220749901681,"damping.user":0.23729023399365193,"damping.item":2.695597864018602e-7,"epochs":0},"config":{"embedding_size":1024,"regularization":{"user":0.17555206634721238,"item":0.02483220749901681},"damping":{"user":0.23729023399365193,"item":2.695597864018602e-7},"epochs":0}}
