{"RMSE":0.8802360632075558,"config":{"damping":{"user":5.664909786211715,"item":9.376820228207556}}}
