{"RMSE":0.8802205749651456,"config":{"damping":{"user":4.100126835313578,"item":6.412185797683377}}}
