{"RBP":0.12540981953441388,"config":{"regularization":774.7821017202793}}
