{"RBP":0.10354377063667823,"epochs":12,"attempted_epochs":14,"final_metric":0.102456452268336,"params":{"embedding_size%pow2":9,"regularization":0.13572457103640329,"learning_rate":0.0030603684639198673,"negative_count":3,"positive_weight":10,"item_bias":true,"epochs":12},"config":{"embedding_size":512,"regularization":0.13572457103640329,"learning_rate":0.0030603684639198673,"negative_count":3,"positive_weight":10,"item_bias":true,"epochs":12}}
