{"RBP":0.11174071399794576,"epochs":12,"attempted_epochs":13,"final_metric":0.11174071399794576,"config":{"embedding_size":8,"regularization":0.44040630374153006,"learning_rate":0.003423664898284945,"negative_count":5,"positive_weight":1,"user_bias":false,"item_bias":false,"epochs":12}}
