{"RBP":0.10084518111098416,"epochs":9,"attempted_epochs":13,"final_metric":0.0999923828765424,"config":{"embedding_size":7,"regularization":0.4478808005796529,"learning_rate":0.011680431266272946,"negative_count":4,"positive_weight":4,"user_bias":true,"item_bias":false,"epochs":9}}
