{"RBP":0.08615256269566611,"epochs":1,"attempted_epochs":5,"final_metric":0.08523971632804177,"config":{"embedding_size":5,"regularization":0.0019094386055262765,"learning_rate":0.024676194340131834,"positive_weight":3,"item_bias":false,"epochs":1}}
