{"RBP":0.11098894629377373,"epochs":10,"attempted_epochs":13,"final_metric":0.11076228981281361,"config":{"embedding_size":10,"regularization":0.3187769096320511,"learning_rate":0.0027344766885900817,"negative_count":4,"positive_weight":1,"item_bias":true,"epochs":10}}
