{"RBP":0.08196491871441956,"epochs":4,"attempted_epochs":5,"final_metric":0.08196491871441956,"config":{"embedding_size":5,"regularization":0.00011304263773341728,"learning_rate":0.01242118938932757,"positive_weight":10,"item_bias":true,"epochs":4}}
