{"RBP":0.11484595247984947,"epochs":18,"attempted_epochs":22,"final_metric":0.11374483241578635,"config":{"embedding_size":10,"regularization":0.612400000181033,"learning_rate":0.00250683537420891,"negative_count":5,"positive_weight":3,"item_bias":true,"epochs":18}}
