{"RMSE":1.0255895947948115,"epochs":0,"attempted_epochs":11,"final_metric":0.8360988811975937,"config":{"embedding_size":3,"regularization":0.07474440190735017,"learning_rate":0.0059371993304379945,"epochs":0}}
