{"RBP":0.11297022046116446,"epochs":21,"attempted_epochs":25,"final_metric":0.11182211260392753,"config":{"embedding_size":8,"regularization":0.49017540899704404,"learning_rate":0.0035241023088770436,"negative_count":5,"positive_weight":2,"item_bias":false,"epochs":21}}
