{"RMSE":0.908361442767658,"epochs":0,"attempted_epochs":6,"final_metric":0.8311164719153862,"config":{"embedding_size":5,"regularization":0.4691523805726558,"learning_rate":0.008339208424363715,"epochs":0}}
