{"RBP":0.10861510027597543,"epochs":15,"attempted_epochs":18,"final_metric":0.1083392339289251,"config":{"embedding_size":7,"regularization":0.2990621310474237,"learning_rate":0.00414975468522915,"negative_count":5,"positive_weight":1,"item_bias":true,"epochs":15}}
