{"RMSE":0.897268632973084,"epochs":0,"attempted_epochs":6,"final_metric":0.8317207304539563,"config":{"embedding_size_exp":3,"regularization":0.09500679519278706,"learning_rate":0.012864113150170628,"epochs":0}}
