{"RMSE":0.825194149337511,"config":{"max_nbrs":16,"min_nbrs":2,"min_sim":0.024953168965668387}}
