{"RBP":0.07343648483621913,"config":{"max_nbrs":48,"min_nbrs":5,"min_sim":0.09578427736366413}}
