{"RBP":0.07339705733131253,"config":{"max_nbrs":48,"min_nbrs":5,"min_sim":0.09683861311966295}}
