{"RMSE":0.8249500971183222,"config":{"max_nbrs":16,"min_nbrs":5,"min_sim":0.02174958040012823}}
