{"RBP":0.12182596405086334,"config":{"l1_reg":0.3161843894830196,"l2_reg":180.10576378326698}}
