{"RBP":0.12209832985521535,"config":{"max_nbrs":754,"l1_reg":0.02889884205720667,"l2_reg":185.61446938697634}}
