{"RBP":0.1219200838823809,"config":{"l1_reg":0.04619928222288872,"l2_reg":175.81171565808054}}
