{"RBP":0.12202572197377612,"config":{"max_nbrs":657,"l1_reg":0.11980774003366235,"l2_reg":226.41212247439555}}
