{"RBP":0.10914276571031357,"config":{"max_nbrs":48,"min_nbrs":5,"min_sim":0.000394064506484758}}
