{"RBP":0.10914276571031357,"config":{"max_nbrs":48,"min_nbrs":1,"min_sim":0.01788521417006928}}
