{"RMSE":0.8625990670036723,"config":{"max_nbrs":46,"min_nbrs":5,"min_sim":0.0004973935291780423}}
