{"RMSE":0.8625993236250958,"config":{"max_nbrs":46,"min_nbrs":5,"min_sim":0.001823678236301802}}
