{"n_users": 27699, "wall_time": 323.2108240388334, "cpu_time": 60449.323550999994, "cpu_usr": 18267.679653000003, "cpu_sys": 42181.643897999995, "rss_max_kb": 13762704}
{"n_users": 27699, "wall_time": 334.6469620917924, "cpu_time": 63151.65676499999, "cpu_usr": 18972.563499, "cpu_sys": 44179.093265999996, "rss_max_kb": 48147808}
{"n_users": 27698, "wall_time": 336.01067540887743, "cpu_time": 63682.568616000004, "cpu_usr": 19154.412341, "cpu_sys": 44528.156275, "rss_max_kb": 69962536}
{"n_users": 27698, "wall_time": 331.7764574121684, "cpu_time": 62329.46354, "cpu_usr": 18871.54983, "cpu_sys": 43457.91371, "rss_max_kb": 88989248}
