{"n_users": 27699, "wall_time": 4.272455877158791, "cpu_time": 4.278119, "cpu_usr": 3.64122, "cpu_sys": 0.6368990000000001, "rss_max_kb": 2946540}
{"n_users": 27698, "wall_time": 4.19550036592409, "cpu_time": 4.192501999999999, "cpu_usr": 3.6708049999999997, "cpu_sys": 0.5216969999999996, "rss_max_kb": 47554516}
{"n_users": 27698, "wall_time": 4.263761688955128, "cpu_time": 4.257917, "cpu_usr": 3.7040629999999997, "cpu_sys": 0.5538540000000003, "rss_max_kb": 67346388}
{"n_users": 27699, "wall_time": 4.191720522940159, "cpu_time": 4.200468, "cpu_usr": 3.624682, "cpu_sys": 0.5757859999999999, "rss_max_kb": 85019852}
