{"n_users": 27699, "wall_time": 41.31074036983773, "cpu_time": 3323.236632, "cpu_usr": 1034.656434, "cpu_sys": 2288.580198, "rss_max_kb": 6344796}
{"n_users": 27699, "wall_time": 42.15392611688003, "cpu_time": 3447.720549, "cpu_usr": 1044.084393, "cpu_sys": 2403.636156, "rss_max_kb": 48157160}
{"n_users": 27698, "wall_time": 39.24750742223114, "cpu_time": 2961.4599340000004, "cpu_usr": 887.6173590000001, "cpu_sys": 2073.842575, "rss_max_kb": 75189312}
{"n_users": 27698, "wall_time": 41.06609779782593, "cpu_time": 3303.81912, "cpu_usr": 1004.7686050000001, "cpu_sys": 2299.050515, "rss_max_kb": 94842760}
