{"n_users": 27699, "wall_time": 48.05662914412096, "cpu_time": 3569.562301, "cpu_usr": 1118.912256, "cpu_sys": 2450.650045, "rss_max_kb": 8418448}
{"n_users": 27698, "wall_time": 48.936928387731314, "cpu_time": 3497.4416490000003, "cpu_usr": 1096.7301340000001, "cpu_sys": 2400.711515, "rss_max_kb": 61427568}
{"n_users": 27698, "wall_time": 49.17255558632314, "cpu_time": 3333.283257, "cpu_usr": 1023.7846890000001, "cpu_sys": 2309.498568, "rss_max_kb": 80817468}
{"n_users": 27699, "wall_time": 50.28738622600213, "cpu_time": 3489.453533, "cpu_usr": 1086.8925669999999, "cpu_sys": 2402.560966, "rss_max_kb": 99360288}
