{"n_users": 27699, "wall_time": 132.68679839465767, "cpu_time": 6882.100261, "cpu_usr": 6314.480952, "cpu_sys": 567.619309, "rss_max_kb": 11230556}
{"n_users": 27699, "wall_time": 131.2733020861633, "cpu_time": 6778.211897, "cpu_usr": 6187.121772, "cpu_sys": 591.0901250000001, "rss_max_kb": 48168388}
{"n_users": 27698, "wall_time": 134.75805286318064, "cpu_time": 6954.653308, "cpu_usr": 6424.617182, "cpu_sys": 530.0361260000001, "rss_max_kb": 67394436}
{"n_users": 27698, "wall_time": 130.67210014211014, "cpu_time": 6776.922888, "cpu_usr": 6183.154262, "cpu_sys": 593.7686259999999, "rss_max_kb": 85374380}
