{"RBP":0.1890950641647489,"epochs":5,"attempted_epochs":6,"final_metric":0.1890950641647489,"config":{"embedding_size_exp":5,"regularization":{"user":0.08403851948234606,"item":0.00005815260869002943},"weight":5.000201089077282,"epochs":5}}
