{"RMSE":0.8174090111346315,"epochs":0,"attempted_epochs":6,"final_metric":0.7851675523681255,"config":{"embedding_size_exp":10,"regularization":{"user":0.1945489468449452,"item":0.019707645562651328},"damping":{"user":75.04393801609699,"item":1.4748852734699044e-7},"epochs":0}}
