{"RBP":0.188531819890269,"epochs":8,"attempted_epochs":9,"final_metric":0.188531819890269,"params":{"embedding_size%pow2":5,"regularization.user":0.0009836153093359104,"regularization.item":0.0000677772978680848,"weight":5.00015901366989,"epochs":8},"config":{"embedding_size":32,"regularization":{"user":0.0009836153093359104,"item":0.0000677772978680848},"weight":5.00015901366989,"epochs":8}}
