{"RMSE":0.8186259740098948,"epochs":0,"attempted_epochs":7,"final_metric":0.7871398759412739,"params":{"embedding_size%pow2":10,"regularization.user":0.001215649212959577,"regularization.item":0.1858359742643067,"damping.user":92.29330930462366,"damping.item":2.633674539394334e-6,"epochs":0},"config":{"embedding_size":1024,"regularization":{"user":0.001215649212959577,"item":0.1858359742643067},"damping":{"user":92.29330930462366,"item":2.633674539394334e-6},"epochs":0}}
