{"RMSE":0.8136806650990493,"params":{"damping.user":25.06645827564548,"damping.item":8.254367868378905},"config":{"damping":{"user":25.06645827564548,"item":8.254367868378905}}}
