{"RMSE":0.8137909093494642,"config":{"damping":{"user":18.44329054878152,"item":11.494097930406669}}}
