{"RBP":0.22399730126816114,"epochs":16,"attempted_epochs":18,"final_metric":0.22286090805991438,"params":{"embedding_size%pow2":7,"regularization":0.07388052271199547,"learning_rate":0.001406547245935619,"negative_count":4,"positive_weight":5,"item_bias":true,"epochs":16},"config":{"embedding_size":128,"regularization":0.07388052271199547,"learning_rate":0.001406547245935619,"negative_count":4,"positive_weight":5,"item_bias":true,"epochs":16}}
