{"RMSE":0.812761907894137,"epochs":0,"attempted_epochs":5,"final_metric":0.7986358048088199,"config":{"embedding_size_exp":4,"regularization":0.03761764772847095,"learning_rate":0.0031686675371028748,"epochs":0}}
