{"RMSE":0.8276513107558103,"epochs":0,"attempted_epochs":8,"final_metric":0.79750653025799,"params":{"embedding_size%pow2":4,"regularization":0.08403226846185112,"learning_rate":0.0018379239780566404,"epochs":0},"config":{"embedding_size":16,"regularization":0.08403226846185112,"learning_rate":0.0018379239780566404,"epochs":0}}
