{"RMSE":0.8152148093624689,"epochs":0,"attempted_epochs":5,"final_metric":0.7972627084700822,"config":{"embedding_size":4,"regularization":0.08103754481195166,"learning_rate":0.00308035689149086,"epochs":0}}
