{"RBP":0.2211948402124028,"epochs":11,"attempted_epochs":12,"final_metric":0.2211948402124028,"config":{"embedding_size":8,"regularization":0.1016512203037735,"learning_rate":0.0010837663633776258,"negative_count":3,"positive_weight":5,"item_bias":true,"epochs":11}}
