{"RBP":0.211635881236224,"epochs":7,"attempted_epochs":8,"final_metric":0.211635881236224,"config":{"embedding_size":8,"regularization":0.06884740716741111,"learning_rate":0.001181164796757351,"negative_count":2,"positive_weight":3,"user_bias":true,"item_bias":false,"epochs":7}}
