{"RBP":0.21881346577359093,"epochs":6,"attempted_epochs":7,"final_metric":0.21881346577359093,"config":{"embedding_size":4,"regularization":0.0030451120242014134,"learning_rate":0.0023377879723269694,"positive_weight":8,"item_bias":true,"epochs":6}}
