{"RBP":0.21664071286028436,"epochs":6,"attempted_epochs":10,"final_metric":0.20697841492405314,"params":{"embedding_size%pow2":8,"regularization":0.00023039282198796708,"learning_rate":0.0010958979372350396,"negative_count":5,"positive_weight":1,"user_bias":true,"item_bias":true,"epochs":6},"config":{"embedding_size":256,"regularization":0.00023039282198796708,"learning_rate":0.0010958979372350396,"negative_count":5,"positive_weight":1,"user_bias":true,"item_bias":true,"epochs":6}}
