{"RBP":0.21854509982722567,"epochs":9,"attempted_epochs":10,"final_metric":0.21854509982722567,"params":{"embedding_size%pow2":4,"regularization":0.0007407540565836565,"learning_rate":0.0044351708305778465,"positive_weight":8,"item_bias":false,"epochs":9},"config":{"embedding_size":16,"regularization":0.0007407540565836565,"learning_rate":0.0044351708305778465,"positive_weight":8,"item_bias":false,"epochs":9}}
