{"RMSE":0.7938642031407144,"params":{"max_nbrs":31,"min_nbrs":2,"min_sim":0.009331533686259354},"config":{"max_nbrs":31,"min_nbrs":2,"min_sim":0.009331533686259354}}
