{"RBP":0.16555730958359746,"config":{"max_nbrs":50,"min_nbrs":2,"min_sim":0.0026215727351226793}}
