{"RMSE":0.7939251608108882,"config":{"max_nbrs":27,"min_nbrs":5,"min_sim":0.009744581106907466}}
