{"RBP":0.20863940965373287,"config":{"max_nbrs":1851,"l1_reg":0.01026458156217342,"l2_reg":127.61625552836546}}
