{"RBP":0.2086560917498238,"params":{"max_nbrs":1994,"l1_reg":0.1801416645404215,"l2_reg":143.14243965947026},"config":{"max_nbrs":1994,"l1_reg":0.1801416645404215,"l2_reg":143.14243965947026}}
