{"n_users": 1208, "wall_time": 0.6569642378017306, "cpu_time": 0.664011, "cpu_usr": 0.603243, "cpu_sys": 0.060768000000000044, "rss_max_kb": 659504}
{"n_users": 1208, "wall_time": 0.5582364369183779, "cpu_time": 0.5647190000000002, "cpu_usr": 0.5218950000000002, "cpu_sys": 0.04282399999999997, "rss_max_kb": 895788}
{"n_users": 1208, "wall_time": 0.5531150950118899, "cpu_time": 0.5587160000000002, "cpu_usr": 0.5077700000000003, "cpu_sys": 0.050945999999999936, "rss_max_kb": 1005812}
{"n_users": 1208, "wall_time": 0.623207978438586, "cpu_time": 0.6333469999999998, "cpu_usr": 0.5875909999999998, "cpu_sys": 0.04575600000000002, "rss_max_kb": 1200744}
