{"n_users": 1208, "wall_time": 5.241870753932744, "cpu_time": 99.382196, "cpu_usr": 92.997391, "cpu_sys": 6.384805, "rss_max_kb": 907956}
{"n_users": 1208, "wall_time": 5.31531330011785, "cpu_time": 95.518509, "cpu_usr": 89.34070799999999, "cpu_sys": 6.1778010000000005, "rss_max_kb": 910380}
{"n_users": 1208, "wall_time": 5.037245680112392, "cpu_time": 98.10478900000001, "cpu_usr": 92.70094900000001, "cpu_sys": 5.403840000000001, "rss_max_kb": 1021848}
{"n_users": 1208, "wall_time": 5.91399086965248, "cpu_time": 99.43929800000001, "cpu_usr": 93.49566200000001, "cpu_sys": 5.943636, "rss_max_kb": 1218780}
