{"n_users": 1208, "wall_time": 10.112901783082634, "cpu_time": 236.275328, "cpu_usr": 71.928044, "cpu_sys": 164.347284, "rss_max_kb": 937256}
{"n_users": 1208, "wall_time": 9.025554097723216, "cpu_time": 278.78388099999995, "cpu_usr": 88.139918, "cpu_sys": 190.64396299999999, "rss_max_kb": 1285704}
{"n_users": 1208, "wall_time": 9.2997589497827, "cpu_time": 260.208345, "cpu_usr": 79.565128, "cpu_sys": 180.643217, "rss_max_kb": 1481620}
{"n_users": 1208, "wall_time": 8.726021545939147, "cpu_time": 245.479737, "cpu_usr": 76.074788, "cpu_sys": 169.40494900000002, "rss_max_kb": 1707472}
