{"n_users": 1208, "wall_time": 10.232029544189572, "cpu_time": 258.53898100000004, "cpu_usr": 78.75268299999999, "cpu_sys": 179.78629800000002, "rss_max_kb": 989448}
{"n_users": 1208, "wall_time": 8.571889739949256, "cpu_time": 194.44811900000002, "cpu_usr": 62.519571, "cpu_sys": 131.928548, "rss_max_kb": 1444528}
{"n_users": 1208, "wall_time": 9.447350252885371, "cpu_time": 335.589211, "cpu_usr": 110.071803, "cpu_sys": 225.517408, "rss_max_kb": 1550424}
{"n_users": 1208, "wall_time": 9.183992265723646, "cpu_time": 220.681189, "cpu_usr": 70.484298, "cpu_sys": 150.196891, "rss_max_kb": 1768560}
