{"n_users": 1208, "wall_time": 7.781549118459225, "cpu_time": 197.55904099999998, "cpu_usr": 179.120208, "cpu_sys": 18.438833, "rss_max_kb": 963844}
{"n_users": 1208, "wall_time": 8.155417737085372, "cpu_time": 199.732236, "cpu_usr": 182.578776, "cpu_sys": 17.15346, "rss_max_kb": 940756}
{"n_users": 1208, "wall_time": 7.633472176734358, "cpu_time": 219.898419, "cpu_usr": 203.284075, "cpu_sys": 16.614344, "rss_max_kb": 1120272}
{"n_users": 1208, "wall_time": 7.93122144183144, "cpu_time": 198.51347299999998, "cpu_usr": 182.391541, "cpu_sys": 16.121932, "rss_max_kb": 1217408}
