{"n_users": 1208, "wall_time": 0.5781639311462641, "cpu_time": 0.5834679999999999, "cpu_usr": 0.5468299999999999, "cpu_sys": 0.03663799999999995, "rss_max_kb": 615124}
{"n_users": 1208, "wall_time": 0.4548405003733933, "cpu_time": 0.46107699999999996, "cpu_usr": 0.44206199999999995, "cpu_sys": 0.019015000000000004, "rss_max_kb": 895296}
{"n_users": 1208, "wall_time": 0.4554543290287256, "cpu_time": 0.46091400000000016, "cpu_usr": 0.46013800000000016, "cpu_sys": 0.0007759999999999989, "rss_max_kb": 1105780}
{"n_users": 1208, "wall_time": 0.4524086299352348, "cpu_time": 0.45713000000000015, "cpu_usr": 0.4362170000000001, "cpu_sys": 0.02091300000000007, "rss_max_kb": 1311992}
