{"run_id": "9721ddb4-e2d6-5cb9-9828-08ae2a6cc7cc", "metrics": {"RBP": 0.07229328112771401, "NDCG": 0.107295622113384, "RecipRank": 0.15840825604677802, "Hit": 0.9205031446540881, "RMSE": 0.7942873995545651, "MAE": 0.6385480710018481}, "params": {"features": 250, "reg": 0.1}}
