{"run_id": "9721ddb4-e2d6-5cb9-9828-08ae2a6cc7cc", "metrics": {"RBP": 0.072669507355788, "NDCG": 0.107453855578788, "RecipRank": 0.15901075125813502, "Hit": 0.9210062893081761, "RMSE": 0.7944552935584701, "MAE": 0.6385894536094281}, "params": {"features": 250, "reg": 0.1}}
