{"run_id": "9da16365-3223-586a-ba35-cddec4be4a33", "metrics": {"RBP": 0.143229907054715, "NDCG": 0.071085382107254, "RecipRank": 0.261900829872807, "Hit": 0.781132075471698, "RMSE": 0.8130219224125701, "MAE": 0.6581084270077671}, "params": {"user_damping": 22.48049602870525, "item_damping": 7.074041392476674}}
