{"run_id": "81af1e74-8afc-5624-ad18-e9d217d1df1a", "metrics": {"RBP": 0.143045830065755, "NDCG": 0.13117433252482902, "RecipRank": 0.26209275958438705, "Hit": 0.9333333333333331, "RMSE": 0.8130370551270151, "MAE": 0.658243292740877}, "params": {"user_damping": 25, "item_damping": 10}}
