{"run_id": "833b1ab3-1558-55bc-8f85-320739a38bfc", "metrics": {"RBP": 0.234205162048013, "NDCG": 0.24295048640782602, "RecipRank": 0.376059675305544, "Hit": 0.9464150943396221}, "params": {"features": 50}}
