{"run_id": "b20dc607-ce7f-5a67-bde0-9abd18204877", "metrics": {"RBP": 0.20108135032263302, "NDCG": 0.209573986845627, "RecipRank": 0.32671433272125405, "Hit": 0.932830188679245}, "params": {"feedback": "implicit", "nnbrs": 50, "min_nbrs": 1}}
