{"run_id": "bafe854b-2e98-5cea-b81f-9ac18dc8120d", "metrics": {"RBP": 0.00972583721638, "NDCG": 0.018726082629715, "RecipRank": 0.031710786811039005, "Hit": 0.486037735849056, "RMSE": 0.791637116001723, "MAE": 0.6344491829671091}, "params": {"feedback": "explicit", "save_nbrs": 5000, "nnbrs": 35, "min_nbrs": 4, "min_sim": 8.239127787950199e-07}}
