{"run_id": "6449a664-802f-53fd-b3bb-dbee4b262ff9", "metrics": {"RBP": 0.20102510543540503, "NDCG": 0.11301037944500701, "RecipRank": 0.32621232679345, "Hit": 0.823396226415094}, "params": {"feedback": "implicit", "save_nbrs": 5000, "nnbrs": 49, "min_nbrs": 1, "min_sim": 5.449924893935927e-05}}
