{"run_id": "b20dc607-ce7f-5a67-bde0-9abd18204877", "metrics": {"RBP": 0.201114629606679, "NDCG": 0.11297589248428001, "RecipRank": 0.326254304761161, "Hit": 0.823396226415094}, "params": {"feedback": "implicit", "save_nbrs": 5000, "nnbrs": 50, "min_nbrs": 1}}
