{"run_id": "c8fcefb1-fff2-5edf-b224-9c5fd7083003", "metrics": {"RBP": 0.0029791604776290004, "NDCG": 0.06047071321137001, "RecipRank": 0.020628497461409, "Hit": 0.8659119496855341, "RMSE": 0.7913455864948841, "MAE": 0.6344697108571621}, "params": {"feedback": "explicit", "nnbrs": 35, "min_nbrs": 1}}
