{"run_id": "b980ffdf-8cff-5e28-aab2-b60b12623567", "metrics": {"RBP": 0.003984965599613, "NDCG": 0.010487841230595001, "RecipRank": 0.018803572401406, "Hit": 0.396477987421383, "RMSE": 0.792493252481764, "MAE": 0.6350252893750801}, "params": {"feedback": "explicit", "save_nbrs": 5000, "nnbrs": 35, "min_nbrs": 2}}
