{"run_id": "c8fcefb1-fff2-5edf-b224-9c5fd7083003", "metrics": {"RBP": 0.0029791604776290004, "NDCG": 0.060470845532716005, "RecipRank": 0.020628476990439, "Hit": 0.8659119496855341, "RMSE": 0.791345593700393, "MAE": 0.6344697318942241}, "params": {"feedback": "explicit", "nnbrs": 35, "min_nbrs": 1}}
