{"run_id": "3716880d-0997-5c88-a66c-c2ff9f908950", "metrics": {"RBP": 0.171684428812153, "NDCG": 0.19823578992686702, "RecipRank": 0.29262170381932, "Hit": 0.9217610062893081}, "params": {"features": 5, "reg": 0.01}}
