{"run_id": "b43550e4-f6ac-52be-a014-24a1ece9d40c", "metrics": {"RBP": 0.171724297513718, "NDCG": 0.20912329755963402, "RecipRank": 0.293845038073486, "Hit": 0.9310691823899371}, "params": {"features": 10, "reg": 0.1}}
