{"run_id": "e7e320d9-e8a0-5886-8115-c5b14a1d9f2b", "metrics": {"RBP": 0.23925888094923703, "NDCG": 0.24000882712846702, "RecipRank": 0.37419566158994205, "Hit": 0.937610062893081}, "params": {"feedback": "implicit", "nnbrs": 50, "min_nbrs": 2}}
