{"n_users": 27699, "wall_time": 5.4363620253279805, "cpu_time": 5.439689999999999, "cpu_usr": 4.631460999999999, "cpu_sys": 0.8082289999999999, "rss_max_kb": 2951152}
{"n_users": 27699, "wall_time": 5.172929517924786, "cpu_time": 5.172662, "cpu_usr": 4.314461, "cpu_sys": 0.8582010000000002, "rss_max_kb": 47535492}
{"n_users": 27698, "wall_time": 5.39237024821341, "cpu_time": 5.3926099999999995, "cpu_usr": 4.453374, "cpu_sys": 0.9392359999999997, "rss_max_kb": 65940848}
{"n_users": 27698, "wall_time": 5.229033438954502, "cpu_time": 5.2282210000000005, "cpu_usr": 4.3394770000000005, "cpu_sys": 0.888744, "rss_max_kb": 83444400}
