{"n_users": 27699, "wall_time": 102.98313351999968, "cpu_time": 19924.223579, "cpu_usr": 5570.334956, "cpu_sys": 14353.888623, "rss_max_kb": 6868312}
{"n_users": 27699, "wall_time": 106.22900395281613, "cpu_time": 20523.668792999997, "cpu_usr": 5713.740834, "cpu_sys": 14809.927958999999, "rss_max_kb": 47662176}
{"n_users": 27698, "wall_time": 111.39671531086788, "cpu_time": 21909.776426, "cpu_usr": 6096.626534, "cpu_sys": 15813.149892, "rss_max_kb": 67757112}
{"n_users": 27698, "wall_time": 105.5372327347286, "cpu_time": 20381.608296000002, "cpu_usr": 5713.892827000001, "cpu_sys": 14667.715469, "rss_max_kb": 86632900}
