{"n_users": 27699, "wall_time": 42.33259926503524, "cpu_time": 3425.659568, "cpu_usr": 1064.894893, "cpu_sys": 2360.764675, "rss_max_kb": 6431748}
{"n_users": 27699, "wall_time": 41.39151487592608, "cpu_time": 3063.623168, "cpu_usr": 976.0172180000001, "cpu_sys": 2087.60595, "rss_max_kb": 48160168}
{"n_users": 27698, "wall_time": 41.499623770359904, "cpu_time": 3423.450344, "cpu_usr": 1037.353539, "cpu_sys": 2386.096805, "rss_max_kb": 70257416}
{"n_users": 27698, "wall_time": 41.22199997026473, "cpu_time": 3135.40715, "cpu_usr": 959.772583, "cpu_sys": 2175.634567, "rss_max_kb": 91549424}
