{"n_users": 27698, "wall_time": 48.75640665180981, "cpu_time": 3467.3472629999997, "cpu_usr": 1074.618109, "cpu_sys": 2392.7291539999997, "rss_max_kb": 8309888}
{"n_users": 27699, "wall_time": 44.590780686121434, "cpu_time": 3264.3835, "cpu_usr": 1005.743776, "cpu_sys": 2258.639724, "rss_max_kb": 61323096}
{"n_users": 27699, "wall_time": 48.34430010104552, "cpu_time": 3437.227065, "cpu_usr": 1070.643039, "cpu_sys": 2366.584026, "rss_max_kb": 81551648}
{"n_users": 27698, "wall_time": 45.333017667755485, "cpu_time": 2905.9275639999996, "cpu_usr": 895.9420809999999, "cpu_sys": 2009.985483, "rss_max_kb": 104447368}
