{"n_users": 27699, "wall_time": 29.284787211101502, "cpu_time": 2070.205359, "cpu_usr": 1981.6943820000001, "cpu_sys": 88.51097700000001, "rss_max_kb": 6580060}
{"n_users": 27698, "wall_time": 29.043183263856918, "cpu_time": 2220.089475, "cpu_usr": 2138.697125, "cpu_sys": 81.39235000000001, "rss_max_kb": 47673308}
{"n_users": 27699, "wall_time": 28.797861118800938, "cpu_time": 2177.290528, "cpu_usr": 2093.204987, "cpu_sys": 84.08554099999999, "rss_max_kb": 68300100}
{"n_users": 27698, "wall_time": 28.37934298114851, "cpu_time": 2131.282001, "cpu_usr": 2058.137158, "cpu_sys": 73.144843, "rss_max_kb": 86847484}
