{"n_users": 27699, "wall_time": 2.0997666069306433, "cpu_time": 2.106516, "cpu_usr": 1.9505119999999998, "cpu_sys": 0.15600400000000025, "rss_max_kb": 1733884}
{"n_users": 27699, "wall_time": 2.184669866692275, "cpu_time": 2.1938440000000003, "cpu_usr": 2.012372, "cpu_sys": 0.1814720000000003, "rss_max_kb": 47495044}
{"n_users": 27698, "wall_time": 2.0785426320508122, "cpu_time": 2.0838900000000007, "cpu_usr": 1.9456130000000007, "cpu_sys": 0.13827699999999998, "rss_max_kb": 68216584}
{"n_users": 27698, "wall_time": 2.130723698064685, "cpu_time": 2.141253, "cpu_usr": 1.9978689999999997, "cpu_sys": 0.14338400000000018, "rss_max_kb": 91087804}
