{"run_id": "3f50a35e-08ce-5519-86ef-3d6404dfed00", "metrics": {"RBP": 0.103683973088805, "NDCG": 0.093973220228275, "RecipRank": 0.208996618160171, "Hit": 0.8730747290359381, "RMSE": 0.827296739156249, "MAE": 0.6789807987284091}, "params": {"user_damping": 10, "item_damping": 10}}
