{"run_id": "eb5ea9cc-083d-521e-984b-b109e2990d41", "metrics": {"RBP": 0.119918262724496, "NDCG": 0.054833503349924005, "RecipRank": 0.22827489575561002, "Hit": 0.6778379920136901, "RMSE": 0.827987924125241, "MAE": 0.6798614216063831}, "params": {"user_damping": 9.932941060252023, "item_damping": 31.496017935703446}}
