{"run_id": "5b006f58-b5dd-53c8-b75a-ddda4022d329", "metrics": {"RBP": 0.046503663634302, "NDCG": 0.065945912989801, "RecipRank": 0.11237428206758701, "Hit": 0.8173131774101541, "RMSE": 0.802716918911053, "MAE": 0.65323428630165}, "params": {"features": 150, "reg": 0.1}}
