{"run_id": "e34500e0-455e-5406-b23a-87d315b5b5ce", "metrics": {"RBP": 0.105782128590844, "NDCG": 0.052485482359575, "RecipRank": 0.21006877862589501, "Hit": 0.678978893325727, "RMSE": 0.827552883678622, "MAE": 0.67872006681438}, "params": {"user_damping": 3.764212999086094, "item_damping": 11.512372446624633}}
