{"run_id": "455671fa-aea4-524d-a82d-92d217bb7ff0", "metrics": {"RBP": 0.180363567555821, "NDCG": 0.210864932768094, "RecipRank": 0.300119333040729, "Hit": 0.9309754706217911}, "params": {"feedback": "implicit", "nnbrs": 50, "min_nbrs": 2}}
