{"run_id": "d4696649-7daf-5c5d-b298-8df5e4389caf", "metrics": {"RBP": 0.00448979882109, "NDCG": 0.027816513604499, "RecipRank": 0.020307422920235, "Hit": 0.712778094694808, "RMSE": 0.812637850394452, "MAE": 0.6535532309769121}, "params": {"feedback": "explicit", "nnbrs": 25, "min_nbrs": 2}}
