{"run_id": "455671fa-aea4-524d-a82d-92d217bb7ff0", "metrics": {"RBP": 0.180408207630043, "NDCG": 0.21086613758819703, "RecipRank": 0.300198260777493, "Hit": 0.9309754706217911}, "params": {"feedback": "implicit", "nnbrs": 50, "min_nbrs": 2}}
