{"run_id": "319fde08-b3ab-51a2-b647-700f04c306bb", "metrics": {"RBP": 0.179924921145235, "NDCG": 0.115240999451358, "RecipRank": 0.298881238754558, "Hit": 0.8120365088419851}, "params": {"feedback": "implicit", "save_nbrs": 5000, "nnbrs": 49, "min_nbrs": 1, "min_sim": 0.008353093712565}}
