{"run_id": "599fc2f1-1e17-501f-9821-36aa2aa279da", "metrics": {"RBP": 0.006067411612764, "NDCG": 0.011060472394443, "RecipRank": 0.020899931398179, "Hit": 0.30305191100969703, "RMSE": 0.812631485713953, "MAE": 0.653883918655058}, "params": {"feedback": "explicit", "save_nbrs": 5000, "nnbrs": 28, "min_nbrs": 4, "min_sim": 7.295396555090117e-07}}
