{"run_id": "d4696649-7daf-5c5d-b298-8df5e4389caf", "metrics": {"RBP": 0.004629532605668001, "NDCG": 0.005275224849513, "RecipRank": 0.016386098443249, "Hit": 0.22575584711922403, "RMSE": 0.81348491627519, "MAE": 0.654195343951632}, "params": {"feedback": "explicit", "save_nbrs": 5000, "nnbrs": 25, "min_nbrs": 2}}
