{"run_id": "455671fa-aea4-524d-a82d-92d217bb7ff0", "metrics": {"RBP": 0.18034189469246, "NDCG": 0.11530467765079601, "RecipRank": 0.29951552406528403, "Hit": 0.812464346833998}, "params": {"feedback": "implicit", "save_nbrs": 5000, "nnbrs": 50, "min_nbrs": 2}}
