{"run_id": "d4696649-7daf-5c5d-b298-8df5e4389caf", "metrics": {"RBP": 0.0044898858649520005, "NDCG": 0.027816307920090003, "RecipRank": 0.020304437343848, "Hit": 0.712778094694808, "RMSE": 0.812637899780223, "MAE": 0.653553227569801}, "params": {"feedback": "explicit", "nnbrs": 25, "min_nbrs": 2}}
