{"run_id": "ea1191ba-062b-585a-9359-fced4a0655a2", "metrics": {"RBP": 0.150413744993108, "NDCG": 0.212348392464195, "RecipRank": 0.268311694928609, "Hit": 0.9333998859098681}, "params": {"features": 10, "reg": 0.1}}
