{"run_id": "92ba7275-706c-50db-8f82-cb377503299f", "metrics": {"RBP": 0.150705834312232, "NDCG": 0.21238706210482303, "RecipRank": 0.268138326667944, "Hit": 0.932686822589846}, "params": {"features": 10, "reg": 1.0}}
