{"run_id": "a76742cb-9275-58f9-9887-04cd6903d767", "metrics": {"RBP": 0.21537378560391002, "NDCG": 0.243716969499213, "RecipRank": 0.347179819837309, "Hit": 0.9409583571021101}, "params": {"feedback": "implicit", "nnbrs": 50, "min_nbrs": 1}}
