{"run_id": "9ce6272b-ec78-57aa-96ae-456437b1f14a", "metrics": {"RBP": 0.012575234863040002, "NDCG": 0.09673128118419701, "RecipRank": 0.051985853125944004, "Hit": 0.870033112582781, "RMSE": 0.8614187468065331, "MAE": 0.727857613331632}, "params": {"user_damping": 0, "item_damping": 5}}
