{"run_id": "9da7d3c6-950f-56dc-9217-79786138fec6", "metrics": {"RBP": 0.016532838477801, "NDCG": 0.10021603361292801, "RecipRank": 0.057099020089817, "Hit": 0.875, "RMSE": 0.821903211952785, "MAE": 0.6915397083090731}, "params": {"features": 150, "reg": 0.1}}
