{
  "rec_idx": 6,
  "user_damping": 5,
  "item_damping": 5,
  "TrainTime": 0.6496073603630066,
  "TrainCPU": 0.6641780138015747,
  "TrainMemMB": 671.81640625,
  "nrecs": 100.0,
  "ntruth": 5.0,
  "recip_rank": 0.043446472071154374,
  "ndcg": 0.0525503639141036,
  "rmse": 0.8732064631243317,
  "mae": 0.7403582094224873
}
