{"run_id": "e3048c8a-d2d6-5c3f-a373-bee489c42939", "metrics": {"RBP": 0.012575294311167001, "NDCG": 0.05094321322013701, "RecipRank": 0.050097344373028006, "Hit": 0.49006622516556203, "RMSE": 0.861366000316346, "MAE": 0.728014413020666}, "params": {"user_damping": 1.009203852218918, "item_damping": 5.210318849977404}}
