{
  "rec_idx": 26,
  "features": 150,
  "reg": 0.1,
  "TrainTime": 5.625431060791016,
  "TrainCPU": 143.27247619628906,
  "TrainMemMB": 1390.640625,
  "nrecs": 100.0,
  "ntruth": 5.0,
  "recip_rank": 0.05722124434526492,
  "ndcg": 0.05993365927673383,
  "rmse": 0.8280089459881581,
  "mae": 0.6998293178883807
}
