{"run_id": "318ee19d-82fb-5361-b259-974c5a4616e6", "metrics": {"RBP": 0.161612879379105, "NDCG": 0.335146516109033, "RecipRank": 0.343582787972777, "Hit": 0.999172185430463}, "params": {"features": 100}}
