{"run_id": "3cc8baa3-f6a2-5852-9f95-080aeb239ccf", "metrics": {"RBP": 0.12259666425985301, "NDCG": 0.202764305417267, "RecipRank": 0.269570692533442, "Hit": 0.9048013245033111}, "params": {"feedback": "implicit", "save_nbrs": 5000, "nnbrs": 50, "min_nbrs": 1}}
