{
  "run": 11,
  "nnbrs": 50,
  "min_nbrs": 1,
  "TrainTime": 9.541110038757324,
  "TrainCPU": 240.6806640625,
  "TrainMemMB": 1248.17578125,
  "nrecs": 100.0,
  "ntruth": 5.0,
  "recip_rank": 0.25451684290302656,
  "ndcg": 0.19859308529867242
}
