{"run_id": "2cae9cd2-f9af-52b9-a687-dd56d3dde278", "metrics": {"RBP": 0.0027631603328370003, "NDCG": 0.039449039106409005, "RecipRank": 0.024707817936590003, "Hit": 0.46192052980132403, "RMSE": 0.8151617235386901, "MAE": 0.6823767555310131}, "params": {"feedback": "explicit", "save_nbrs": 5000, "nnbrs": 25, "min_nbrs": 1}}
