{"run_id": "2cae9cd2-f9af-52b9-a687-dd56d3dde278", "metrics": {"RBP": 0.0027631603328370003, "NDCG": 0.08781704493405801, "RecipRank": 0.026808523859351, "Hit": 0.870033112582781, "RMSE": 0.8151617235386901, "MAE": 0.6823767555310131}, "params": {"feedback": "explicit", "nnbrs": 25, "min_nbrs": 1}}
