{
  "run": 5,
  "nnbrs": 15,
  "min_nbrs": 1,
  "TrainTime": 9.628767013549805,
  "TrainCPU": 211.60426330566406,
  "TrainMemMB": 1059.765625,
  "nrecs": 100.0,
  "ntruth": 5.0,
  "recip_rank": 0.0259604971687809,
  "ndcg": 0.042029296276190425,
  "rmse": 0.8207078967366787,
  "mae": 0.6892762479390826
}
