{"run_id": "3177c9c3-c81f-5d49-a29a-0a23e0ebc155", "metrics": {"RBP": 0.0036749392279300003, "NDCG": 0.041070303430069004, "RecipRank": 0.02700437970698, "Hit": 0.47019867549668803, "RMSE": 0.814737423357017, "MAE": 0.6823296153930241}, "params": {"feedback": "explicit", "save_nbrs": 5000, "nnbrs": 17, "min_nbrs": 3, "min_sim": 1.285674009953628e-10}}
