{"run_id": "3cc8baa3-f6a2-5852-9f95-080aeb239ccf", "metrics": {"RBP": 0.12259666425985301, "NDCG": 0.26207714206029104, "RecipRank": 0.270137498536896, "Hit": 0.9933774834437081}, "params": {"feedback": "implicit", "nnbrs": 50, "min_nbrs": 1}}
