{"run_id": "fca17fab-255c-5275-a2ac-cfa2053fb401", "metrics": {"RBP": 0.122316009200402, "NDCG": 0.202546257868325, "RecipRank": 0.26896994206471203, "Hit": 0.9048013245033111}, "params": {"feedback": "implicit", "save_nbrs": 5000, "nnbrs": 49, "min_nbrs": 1, "min_sim": 0.008353093712565}}
