{
  "run": 22,
  "features": 100,
  "regularization": 0.01,
  "TrainTime": 1.6015989780426025,
  "TrainCPU": 1.6208759546279907,
  "TrainMemMB": 2612.4296875,
  "nrecs": 3705.0,
  "ntruth": 5.0,
  "ndcg": 0.32251133275101124,
  "recip_rank": 0.2974641710678898
}
