{"run_id": "ebaa8ab9-bb56-5ef5-b04c-2c2f44952734", "metrics": {"RBP": 0.10418231354109601, "NDCG": 0.272440968027684, "RecipRank": 0.24596318649037802, "Hit": 0.9983443708609271}, "params": {"features": 250, "reg": 0.01}}
