{
  "run": 11,
  "nnbrs": 50,
  "min_nbrs": 1,
  "TrainTime": 3.8561036586761475,
  "TrainCPU": 3.971066951751709,
  "TrainMemMB": 1993.4453125,
  "nrecs": 3542.5753311258277,
  "ntruth": 5.0,
  "ndcg": 0.35319164919586765,
  "recip_rank": 0.34181595429186773
}
