{
  "run": 12,
  "nnbrs": 50,
  "min_nbrs": 2,
  "TrainTime": 3.552159309387207,
  "TrainCPU": 3.666810989379883,
  "TrainMemMB": 2069.05859375,
  "nrecs": 3370.894867549669,
  "ntruth": 5.0,
  "ndcg": 0.1689932510898208,
  "recip_rank": 0.031481442974993286,
  "rmse": 0.8531063139093238,
  "mae": 0.7145008279923473
}
