{"RMSE":0.8410373190647107,"epochs":0,"attempted_epochs":5,"final_metric":0.8046316055207251,"config":{"embedding_size_exp":10,"regularization":{"user":0.1990509516433883,"item":0.006536645626809064},"damping":{"user":2.8364857296975536,"item":5.945815633065006e-10},"epochs":0}}
