{"RBP":0.1777662776910006,"epochs":8,"attempted_epochs":9,"final_metric":0.1777662776910006,"params":{"embedding_size%pow2":7,"regularization.user":0.15152841532716957,"regularization.item":0.022143946905460645,"weight":5.220799258519248,"epochs":8},"config":{"embedding_size":128,"regularization":{"user":0.15152841532716957,"item":0.022143946905460645},"weight":5.220799258519248,"epochs":8}}
