{"RBP":0.1780487961630525,"epochs":6,"attempted_epochs":7,"final_metric":0.1780487961630525,"config":{"embedding_size_exp":6,"regularization":{"user":0.16868791583970646,"item":0.0001296348768552186},"weight":6.631840015060925,"epochs":6}}
