{"RMSE":0.8243059267488658,"epochs":0,"attempted_epochs":7,"final_metric":0.7931250986740563,"params":{"embedding_size%pow2":10,"regularization.user":0.0014517459103211752,"regularization.item":0.17914849279717282,"damping.user":0.006805276486505916,"damping.item":4.92172636515109,"epochs":0},"config":{"embedding_size":1024,"regularization":{"user":0.0014517459103211752,"item":0.17914849279717282},"damping":{"user":0.006805276486505916,"item":4.92172636515109},"epochs":0}}
