{"RMSE":0.8289373261040358,"config":{"damping":{"user":3.1144009986987604,"item":9.788446940506637}}}
