{"RMSE":0.8284973998571142,"params":{"damping.user":11.760404703860567,"damping.item":13.02891314869381},"config":{"damping":{"user":11.760404703860567,"item":13.02891314869381}}}
