{"RBP":0.1863547633192458,"epochs":10,"attempted_epochs":12,"final_metric":0.18578921791903735,"params":{"embedding_size%pow2":9,"regularization":0.07775011837065413,"learning_rate":0.0010872984314202123,"negative_count":4,"positive_weight":5,"user_bias":true,"item_bias":true,"epochs":10},"config":{"embedding_size":512,"regularization":0.07775011837065413,"learning_rate":0.0010872984314202123,"negative_count":4,"positive_weight":5,"user_bias":true,"item_bias":true,"epochs":10}}
