{"RMSE":0.8395495205814403,"epochs":0,"attempted_epochs":6,"final_metric":0.8159042046521938,"params":{"embedding_size%pow2":3,"regularization":0.026736011866208505,"learning_rate":0.002075065258159887,"epochs":0},"config":{"embedding_size":8,"regularization":0.026736011866208505,"learning_rate":0.002075065258159887,"epochs":0}}
