{"RBP":0.19342828224594275,"epochs":21,"attempted_epochs":24,"final_metric":0.192203541230355,"params":{"embedding_size%pow2":7,"regularization":0.012572069174471186,"learning_rate":0.001064240585846747,"negative_count":3,"positive_weight":5,"item_bias":true,"epochs":21},"config":{"embedding_size":128,"regularization":0.012572069174471186,"learning_rate":0.001064240585846747,"negative_count":3,"positive_weight":5,"item_bias":true,"epochs":21}}
