{"RMSE":0.8280091815506386,"epochs":0,"attempted_epochs":5,"final_metric":0.8173485090003461,"config":{"embedding_size_exp":5,"regularization":0.036061083491569695,"learning_rate":0.0019984435379945104,"epochs":0}}
