{"RMSE":0.8158534360430817,"params":{"max_nbrs":27,"min_nbrs":3,"min_sim":2.7460132620879183e-6},"config":{"max_nbrs":27,"min_nbrs":3,"min_sim":2.7460132620879183e-6}}
