{"RMSE":0.8155883630913329,"config":{"max_nbrs":26,"min_nbrs":5,"min_sim":0.006047173283430048}}
