{"RBP":0.15096980406490818,"params":{"max_nbrs":50,"min_nbrs":2,"min_sim":0.005132431522034761},"config":{"max_nbrs":50,"min_nbrs":2,"min_sim":0.005132431522034761}}
