{"RBP":0.15097068064705252,"config":{"max_nbrs":50,"min_nbrs":2,"min_sim":0.006001557080036458}}
