{"RBP":0.19962696909985791,"params":{"max_nbrs":1386,"l1_reg":0.7276717157711481,"l2_reg":106.00287337346938},"config":{"max_nbrs":1386,"l1_reg":0.7276717157711481,"l2_reg":106.00287337346938}}
