{"RBP":0.19965647849131743,"config":{"max_nbrs":1982,"l1_reg":0.010192383767604065,"l2_reg":33.64336372025155}}
