{"run_id": "c576ce17-4791-5b39-a01d-83b17deaff8e", "metrics": {"RBP": 0.140962558623335, "NDCG": 0.13302844547355902, "RecipRank": 0.264748929988461, "Hit": 0.926072607260726, "RMSE": 0.78293805417325, "MAE": 0.6292923469674271}, "params": {"user_damping": 25, "item_damping": 5}}
