{"run_id": "da169cb4-2fa0-53e8-9663-a7b8cbdd67c4", "metrics": {"RBP": 0.102768539631909, "NDCG": 0.13387134523219202, "RecipRank": 0.210878277045801, "Hit": 0.9343234323432341, "RMSE": 0.7606079841862511, "MAE": 0.606738850310223}, "params": {"features": 250, "reg": 0.1}}
