{"run_id": "31e2ed8b-1bb6-5212-a1dc-7a7636a1ecd9", "metrics": {"RBP": 0.14103702733832302, "NDCG": 0.13515231225766902, "RecipRank": 0.264776387912784, "Hit": 0.927062706270627, "RMSE": 0.782746574255597, "MAE": 0.629373535592563}, "params": {"user_damping": 44.78911848712553, "item_damping": 7.546117388258709}}
