{"run_id": "da169cb4-2fa0-53e8-9663-a7b8cbdd67c4", "metrics": {"RBP": 0.10247903128830801, "NDCG": 0.133767514821761, "RecipRank": 0.210462575321668, "Hit": 0.9343234323432341, "RMSE": 0.760182230874723, "MAE": 0.606446586032905}, "params": {"features": 250, "reg": 0.1}}
