{"run_id": "2bb98176-0b46-5f94-a0db-608897ca41a3", "metrics": {"RBP": 0.276227063168482, "NDCG": 0.279805248795409, "RecipRank": 0.42622064058760706, "Hit": 0.948514851485148}, "params": {"features": 50}}
