{"run_id": "0e2e7ab7-2ade-56a5-944b-b178e403b3b0", "metrics": {"RBP": 0.23131864389731802, "NDCG": 0.14343279616644602, "RecipRank": 0.364337371937761, "Hit": 0.8669966996699671}, "params": {"feedback": "implicit", "save_nbrs": 5000, "nnbrs": 49, "min_nbrs": 3, "min_sim": 0.005683540923555001}}
