{"run_id": "c5ac0e8b-a212-54c5-90b1-a4a733f3e7c6", "metrics": {"RBP": 0.024461877747374003, "NDCG": 0.044235051146206, "RecipRank": 0.083243441563304, "Hit": 0.761056105610561, "RMSE": 0.757666678335702, "MAE": 0.602690451544257}, "params": {"feedback": "explicit", "save_nbrs": 5000, "nnbrs": 35, "min_nbrs": 2}}
