{"run_id": "73508ede-2c14-51a7-90eb-8e9ee4e3d591", "metrics": {"RBP": 0.232461141267144, "NDCG": 0.143420494009521, "RecipRank": 0.36608984936137, "Hit": 0.8669966996699671}, "params": {"feedback": "implicit", "save_nbrs": 5000, "nnbrs": 50, "min_nbrs": 1}}
