{"run_id": "c5ac0e8b-a212-54c5-90b1-a4a733f3e7c6", "metrics": {"RBP": 0.025724226971755002, "NDCG": 0.11249471117086501, "RecipRank": 0.08714348490417301, "Hit": 0.923762376237623, "RMSE": 0.7576653239037531, "MAE": 0.602663886073743}, "params": {"feedback": "explicit", "nnbrs": 35, "min_nbrs": 2}}
