{"run_id": "73508ede-2c14-51a7-90eb-8e9ee4e3d591", "metrics": {"RBP": 0.23246121697464, "NDCG": 0.250812330203942, "RecipRank": 0.366513215151882, "Hit": 0.938943894389438}, "params": {"feedback": "implicit", "nnbrs": 50, "min_nbrs": 1}}
