{"run_id": "9157c3f8-acf0-5c8e-9781-cc7e9f91cff3", "metrics": {"RBP": 0.025196872021562, "NDCG": 0.04511335859148401, "RecipRank": 0.08512279519471601, "Hit": 0.7607260726072601, "RMSE": 0.7575206904939491, "MAE": 0.602501238741152}, "params": {"feedback": "explicit", "save_nbrs": 5000, "nnbrs": 32, "min_nbrs": 3, "min_sim": 4.638866415415506e-09}}
