{"run_id": "11c26129-3de6-588a-9271-c7c48a088cb6", "metrics": {"RBP": 0.27124413730775304, "NDCG": 0.16271296692150503, "RecipRank": 0.416684356964972, "Hit": 0.888448844884488}, "params": {"features": 12, "reg": [2.982933781366025e-07, 0.044693673502839], "weight": 1.006476080743467}}
