{"run_id": "c5d9354a-3c96-5065-a227-9aba0aff8a66", "metrics": {"RBP": 0.18493901499300203, "NDCG": 0.250027970145407, "RecipRank": 0.315834178723222, "Hit": 0.9415841584158411}, "params": {"features": 10, "reg": 0.01}}
