{"run_id": "7be34fc8-3768-5d50-b705-f70743c765bc", "metrics": {"RBP": 0.274408490679442, "NDCG": 0.28167108840298505, "RecipRank": 0.41642168494032406, "Hit": 0.9448844884488441}, "params": {"feedback": "implicit", "nnbrs": 50, "min_nbrs": 1}}
