{"run_id": "fb832435-ab36-5b8e-9a9c-7a5e9b8b3cb4", "metrics": {"user_id": 479.3015873015873, "RBP": 0.010838773741382, "NDCG": 0.138836755011494, "RecipRank": 0.055775568934276, "Hit": 0.962962962962962, "RMSE": 0.848626347918989, "MAE": 0.718110213204035}, "params": {"features": 50, "reg": 0.1}}
