{"run_id": "8cdb2e64-b9fa-510d-bd42-fc6c27d7f5b9", "metrics": {"RBP": 0.015722716573676, "NDCG": 0.06898437627755101, "RecipRank": 0.058143270220356, "Hit": 0.6772486772486771, "RMSE": 0.848811758573723, "MAE": 0.7164814440661631}, "params": {"features": 15, "reg": 0.1}}
