{"run_id": "cb6f120e-6b2b-5e93-8830-529199ca2be0", "metrics": {"RBP": 0.007940393113357001, "NDCG": 0.061095153261453004, "RecipRank": 0.046234758973361004, "Hit": 0.597883597883597, "RMSE": 0.874364518851199, "MAE": 0.7417467271997811}, "params": {"user_damping": 6.864489727332137e-05, "item_damping": 4.883197260473107}}
