{
  "run": 3,
  "user_damping": 0,
  "item_damping": 10,
  "TrainTime": 0.699773371219635,
  "TrainCPU": 0.7074599862098694,
  "TrainMemMB": 600.04296875,
  "nrecs": 500.0,
  "ntruth": 5.0,
  "ndcg": 0.15021702481640709,
  "recip_rank": 0.08107551445607983,
  "rmse": 0.8930541387310734,
  "mae": 0.7601805245750165
}
