{"run_id": "be7a7843-2706-5c70-8b16-5a863caa4d98", "metrics": {"RBP": 0.015943080067185002, "NDCG": 0.07162197944896401, "RecipRank": 0.063716353719482, "Hit": 0.6613756613756611, "RMSE": 0.852530056048953, "MAE": 0.719461668893773}, "params": {"features": 77, "reg": [1.251613783799446, 0.006551128561206001]}}
