{
  "run": 9,
  "user_damping": 10,
  "item_damping": 0,
  "TrainTime": 0.4919806122779846,
  "TrainCPU": 0.5036360025405884,
  "TrainMemMB": 583.69140625,
  "user_id": 452.92063492063494,
  "nrecs": 100.0,
  "ntruth": 5.0,
  "recip_rank": 0.01706104683714411,
  "ndcg": 0.04808778300014122,
  "rmse": 0.8931864421203654,
  "mae": 0.7592036782433746
}
