{
  "run": 26,
  "features": 150,
  "reg": 0.1,
  "TrainTime": 4.986171245574951,
  "TrainCPU": 87.33538818359375,
  "TrainMemMB": 736.5546875,
  "user_id": 452.92063492063494,
  "nrecs": 100.0,
  "ntruth": 5.0,
  "recip_rank": 0.091370524419718,
  "ndcg": 0.09114136243308033,
  "rmse": 0.8811458669326924,
  "mae": 0.7407886303133435
}
