{"run_id": "1f987d25-de30-56f7-adab-012429cd8e51", "metrics": {"user_id": 479.3015873015873, "RBP": 0.007940393148794, "NDCG": 0.132451815781533, "RecipRank": 0.048310444697305006, "Hit": 0.9788359788359781, "RMSE": 0.8743690424179901, "MAE": 0.741763377709994}, "params": {"user_damping": 0, "item_damping": 5}}
