{"run_id": "375d9ca8-6aaa-5a6a-8dde-f7cabfc89dc9", "metrics": {"RBP": 0.009267381530876001, "NDCG": 0.132638748331078, "RecipRank": 0.051338169652646, "Hit": 0.9788359788359781, "RMSE": 0.874436876918903, "MAE": 0.7418089719124571}, "params": {"user_damping": 0.260574882262043, "item_damping": 5.35814793146545}}
