{"run_id": "1f987d25-de30-56f7-adab-012429cd8e51", "metrics": {"RBP": 0.007940393148794, "NDCG": 0.061138096459021005, "RecipRank": 0.046271319262746004, "Hit": 0.597883597883597, "RMSE": 0.8743690424179901, "MAE": 0.741763377709994}, "params": {"user_damping": 0, "item_damping": 5}}
