{
  "run": 29,
  "features": 250,
  "reg": 0.1,
  "TrainTime": 4.608381748199463,
  "TrainCPU": 102.76864624023438,
  "TrainMemMB": 877.171875,
  "nrecs": 500.0,
  "ntruth": 5.0,
  "ndcg": 0.15623317361272201,
  "recip_rank": 0.1083917872765885,
  "rmse": 0.8656028210328369,
  "mae": 0.733099610480682
}
