{"run_id": "bdebde43-024a-573a-980d-c69ae5532416", "metrics": {"RBP": 0.24673738731007702, "NDCG": 0.41222508004484004, "RecipRank": 0.48561710375952105, "Hit": 1.0}, "params": {"features": 10}}
