{
  "run": 3,
  "features": 15,
  "TrainTime": 1.7579495906829834,
  "TrainCPU": 153.30795288085938,
  "TrainMemMB": 604.609375,
  "nrecs": 500.0,
  "ntruth": 5.0,
  "ndcg": 0.4146139541315654,
  "recip_rank": 0.4165189623063992
}
