{"run_id": "a6b4a76c-7e41-52f8-9d04-62019e0d572c", "metrics": {"RBP": 0.000846248100136, "NDCG": 0.043868387657179, "RecipRank": 0.023665974110269, "Hit": 0.544973544973545, "RMSE": 0.8401653194238261, "MAE": 0.71012460467992}, "params": {"feedback": "explicit", "save_nbrs": 5000, "nnbrs": 15, "min_nbrs": 1}}
