{
  "rec_idx": 7,
  "nnbrs": 25,
  "min_nbrs": 1,
  "TrainTime": 8.60052490234375,
  "TrainCPU": 104.15162658691406,
  "TrainMemMB": 635.7890625,
  "nrecs": 100.0,
  "ntruth": 5.0,
  "recip_rank": 0.04352266691802513,
  "ndcg": 0.06391874044916775,
  "rmse": 0.872123047709465,
  "mae": 0.7304125410854501
}
