{"run_id": "a6b4a76c-7e41-52f8-9d04-62019e0d572c", "metrics": {"user_id": 479.3015873015873, "RBP": 0.000846248100136, "NDCG": 0.128630018806417, "RecipRank": 0.026153183708738002, "Hit": 0.9841269841269841, "RMSE": 0.840165311933825, "MAE": 0.710124597741813}, "params": {"feedback": "explicit", "nnbrs": 15, "min_nbrs": 1}}
