{"run_id": "112ec355-c363-5076-b7cc-42839ac3fbbd", "metrics": {"RBP": 0.0015461075622600002, "NDCG": 0.047148808485520007, "RecipRank": 0.025698060679205003, "Hit": 0.55026455026455, "RMSE": 0.8407807646605071, "MAE": 0.7110943977952631}, "params": {"feedback": "explicit", "save_nbrs": 5000, "nnbrs": 17, "min_nbrs": 3, "min_sim": 1.285674009953628e-10}}
