{
  "rec_idx": 12,
  "nnbrs": 50,
  "min_nbrs": 2,
  "TrainTime": 8.489424705505371,
  "TrainCPU": 99.20257568359375,
  "TrainMemMB": 662.7265625,
  "nrecs": 100.0,
  "ntruth": 5.0,
  "recip_rank": 0.37145826860611875,
  "ndcg": 0.30530486453975003
}
