{"run_id": "2087dad9-4327-5638-92e2-ad9d67c4e6c5", "metrics": {"RBP": 0.21450741693519, "NDCG": 0.30590110275659205, "RecipRank": 0.43065616458750205, "Hit": 0.9788359788359781}, "params": {"feedback": "implicit", "save_nbrs": 5000, "nnbrs": 50, "min_nbrs": 1}}
