{"run_id": "2087dad9-4327-5638-92e2-ad9d67c4e6c5", "metrics": {"user_id": 479.3015873015873, "RBP": 0.21450741693519, "NDCG": 0.368144382004975, "RecipRank": 0.430792179393077, "Hit": 1.0}, "params": {"feedback": "implicit", "nnbrs": 50, "min_nbrs": 1}}
