{"run_id": "2915f4cf-466a-51c9-a8b9-c8a28912ff99", "metrics": {"RBP": 0.21272405337636402, "NDCG": 0.305529762054775, "RecipRank": 0.42751336681685104, "Hit": 0.9788359788359781}, "params": {"feedback": "implicit", "save_nbrs": 5000, "nnbrs": 49, "min_nbrs": 1, "min_sim": 0.008353093712565}}
