{
  "run": 9,
  "nnbrs": 35,
  "min_nbrs": 1,
  "TrainTime": 8.199082374572754,
  "TrainCPU": 13.452503204345703,
  "TrainMemMB": 632.09375,
  "nrecs": 500.0,
  "ntruth": 5.0,
  "ndcg": 0.13798270709615537,
  "recip_rank": 0.03874989081711247,
  "rmse": 0.8634595386092625,
  "mae": 0.7326665834459678
}
