{
  "run": 11,
  "nnbrs": 50,
  "min_nbrs": 1,
  "TrainTime": 8.686530113220215,
  "TrainCPU": 19.70146369934082,
  "TrainMemMB": 647.92578125,
  "nrecs": 500.0,
  "ntruth": 5.0,
  "ndcg": 0.3665832856265956,
  "recip_rank": 0.37299369148313805
}
