{"run_id": "165e022d-f27e-5364-bd59-6fcddf88a3d2", "metrics": {"RBP": 0.26232860380244905, "NDCG": 0.393306320168733, "RecipRank": 0.494622620474415, "Hit": 1.0}, "params": {"features": 12, "reg": [2.982933781366025e-07, 0.044693673502839], "weight": 1.006476080743467}}
