{"run_id": "abd6eac8-cf44-5ee0-99a4-38c4e0d1c571", "metrics": {"RBP": 0.151075355232431, "NDCG": 0.262587017514685, "RecipRank": 0.32911514300825, "Hit": 0.931216931216931}, "params": {"features": 150, "reg": 0.01}}
