{
  "run": 22,
  "features": 100,
  "regularization": 0.01,
  "TrainTime": 1.0966318845748901,
  "TrainCPU": 1.110044002532959,
  "TrainMemMB": 676.87890625,
  "nrecs": 500.0,
  "ntruth": 5.0,
  "ndcg": 0.3671988142782418,
  "recip_rank": 0.3673983292072696
}
