{"run_id": "1e2cdb6e-4e2e-5058-8c41-7f117e2b07e7", "metrics": {"RBP": 0.14373172903762002, "NDCG": 0.253061244944429, "RecipRank": 0.314430237872375, "Hit": 0.9365079365079361}, "params": {"features": 150, "reg": 1.0}}
