{"run_id": "4b3ed559-4629-55e1-b8b4-92ee2072cec0", "metrics": {"RBP": 0.259623546778868, "NDCG": 0.392734362262782, "RecipRank": 0.49129287307814706, "Hit": 1.0}, "params": {"features": 12, "reg": [2.982933781366025e-07, 0.044693673502839], "weight": 1.006476080743467, "epochs": 14}}
