{
  "run": 25,
  "features": 150,
  "regularization": 0.01,
  "TrainTime": 1.3040719032287598,
  "TrainCPU": 1.3136420249938965,
  "TrainMemMB": 903.98828125,
  "nrecs": 1681.0,
  "ntruth": 5.0,
  "ndcg": 0.38117367801842866,
  "recip_rank": 0.38955668874193355
}
