{"run_id": "97edca6e-a215-564f-88c3-8becee37ca3c", "metrics": {"user_id": 479.3015873015873, "RBP": 0.161492124868604, "NDCG": 0.315581197523342, "RecipRank": 0.336069863026259, "Hit": 1.0}, "params": {"features": 150, "reg": 0.1}}
