{
  "run": 10,
  "nnbrs": 35,
  "min_nbrs": 2,
  "TrainTime": 3.4582924842834473,
  "TrainCPU": 3.584122896194458,
  "TrainMemMB": 629.578125,
  "nrecs": 500.0,
  "ntruth": 5.0,
  "ndcg": 0.41740011916589487,
  "recip_rank": 0.4758765015839821
}
