{
  "run": 11,
  "nnbrs": 50,
  "min_nbrs": 1,
  "TrainTime": 3.600456476211548,
  "TrainCPU": 3.7260220050811768,
  "TrainMemMB": 747.3671875,
  "nrecs": 1537.4179894179895,
  "ntruth": 5.0,
  "ndcg": 0.1749927944764889,
  "recip_rank": 0.01600347324360714,
  "rmse": 0.879659030882139,
  "mae": 0.7472520329491802
}
