{"run_id": "c8dc8c77-f09d-5929-a3ed-0dd0a03d9bbd", "metrics": {"user_id": 479.3015873015873, "RBP": 0.23617787199220902, "NDCG": 0.407862537977272, "RecipRank": 0.45941648912078803, "Hit": 1.0}, "params": {"feedback": "implicit", "nnbrs": 35, "min_nbrs": 2}}
