{
  "run": 9,
  "nnbrs": 35,
  "min_nbrs": 1,
  "TrainTime": 3.6950016021728516,
  "TrainCPU": 3.815764904022217,
  "TrainMemMB": 755.54296875,
  "nrecs": 1591.1746031746031,
  "ntruth": 5.0,
  "ndcg": 0.4284105488547572,
  "recip_rank": 0.4758765015839821
}
