{"run_id": "05360f96-3116-5857-abf7-859dac1749db", "metrics": {"user_id": 479.3015873015873, "RBP": 1.87888590927523e-06, "NDCG": 0.111005445321984, "RecipRank": 0.01574473634322, "Hit": 0.968253968253968, "RMSE": 0.866533876411498, "MAE": 0.7257534975097291}, "params": {"feedback": "explicit", "nnbrs": 35, "min_nbrs": 1}}
