{
  "run": 12,
  "nnbrs": 50,
  "min_nbrs": 2,
  "TrainTime": 3.090257406234741,
  "TrainCPU": 3.1566689014434814,
  "TrainMemMB": 643.74609375,
  "nrecs": 500.0,
  "ntruth": 5.0,
  "ndcg": 0.12595804165753108,
  "recip_rank": 0.026693780105758125,
  "rmse": 0.879659030882139,
  "mae": 0.7472520329491802
}
