{"RBP":0.19897484842678823,"epochs":6,"attempted_epochs":7,"final_metric":0.19897484842678823,"params":{"embedding_size%pow2":5,"regularization.user":0.0010652472180504582,"regularization.item":0.000049119664170620115,"weight":5.2259945589340955,"epochs":6},"config":{"embedding_size":32,"regularization":{"user":0.0010652472180504582,"item":0.000049119664170620115},"weight":5.2259945589340955,"epochs":6}}
