{"RBP":0.20108060580972692,"epochs":5,"attempted_epochs":6,"final_metric":0.20108060580972692,"config":{"embedding_size_exp":5,"regularization":{"user":0.002293531340431487,"item":0.09899989127147969},"weight":5.169747046204421,"epochs":5}}
