{"RMSE":0.7930220868266564,"epochs":0,"attempted_epochs":6,"final_metric":0.7691080218641465,"params":{"embedding_size%pow2":10,"regularization.user":0.0015460399491543713,"regularization.item":0.1858359742643067,"damping.user":92.29330930462366,"damping.item":1.0548049254198367e-12,"epochs":0},"config":{"embedding_size":1024,"regularization":{"user":0.0015460399491543713,"item":0.1858359742643067},"damping":{"user":92.29330930462366,"item":1.0548049254198367e-12},"epochs":0}}
