{"RMSE":0.7986319733359892,"config":{"damping":{"user":52.44927104982273,"item":3.182097115487603}}}
