{"RMSE":0.7986104027505715,"params":{"damping.user":52.44927104982273,"damping.item":3.452283481780008},"config":{"damping":{"user":52.44927104982273,"item":3.452283481780008}}}
