{"RBP":0.23034491509140934,"epochs":13,"attempted_epochs":14,"final_metric":0.23034491509140934,"params":{"embedding_size%pow2":4,"regularization":0.006819721092739391,"learning_rate":0.001286750617930001,"positive_weight":5,"item_bias":false,"epochs":13},"config":{"embedding_size":16,"regularization":0.006819721092739391,"learning_rate":0.001286750617930001,"positive_weight":5,"item_bias":false,"epochs":13}}
