{"RBP":0.23137889673205736,"epochs":5,"attempted_epochs":6,"final_metric":0.23137889673205736,"config":{"embedding_size":4,"regularization":0.0007644815158869854,"learning_rate":0.0038928904086158824,"positive_weight":4,"item_bias":false,"epochs":5}}
