{"RMSE":0.8035255908732587,"epochs":0,"attempted_epochs":5,"final_metric":0.783313867020543,"config":{"embedding_size_exp":4,"regularization":0.06531692476788288,"learning_rate":0.0023469733949754617,"epochs":0}}
