{"RMSE":0.7931078666945803,"epochs":0,"attempted_epochs":5,"final_metric":0.7840603802779625,"params":{"embedding_size%pow2":5,"regularization":0.06461015130547823,"learning_rate":0.0035914676166917056,"epochs":0},"config":{"embedding_size":32,"regularization":0.06461015130547823,"learning_rate":0.0035914676166917056,"epochs":0}}
