{"RBP":0.23436047476496205,"epochs":12,"attempted_epochs":13,"final_metric":0.23436047476496205,"params":{"embedding_size%pow2":6,"regularization":0.037621949221692555,"learning_rate":0.002014801038579711,"negative_count":3,"positive_weight":5,"item_bias":false,"epochs":12},"config":{"embedding_size":64,"regularization":0.037621949221692555,"learning_rate":0.002014801038579711,"negative_count":3,"positive_weight":5,"item_bias":false,"epochs":12}}
