{"RBP":0.23384487989663763,"epochs":12,"attempted_epochs":13,"final_metric":0.23384487989663763,"config":{"embedding_size":7,"regularization":0.06299178194426829,"learning_rate":0.0013857977666577935,"negative_count":2,"positive_weight":3,"item_bias":true,"epochs":12}}
