{"RBP":0.22808027653360213,"epochs":3,"attempted_epochs":7,"final_metric":0.22512791789779169,"params":{"embedding_size%pow2":8,"regularization":0.00023039282198796708,"learning_rate":0.0010958979372350396,"negative_count":5,"positive_weight":1,"user_bias":true,"item_bias":true,"epochs":3},"config":{"embedding_size":256,"regularization":0.00023039282198796708,"learning_rate":0.0010958979372350396,"negative_count":5,"positive_weight":1,"user_bias":true,"item_bias":true,"epochs":3}}
