{"RMSE":0.8015416930583789,"epochs":0,"attempted_epochs":5,"final_metric":0.7864876534665556,"config":{"embedding_size":3,"regularization":0.05645599523994758,"learning_rate":0.0036688260170271675,"epochs":0}}
