{"RBP":0.19615670233339955,"params":{"max_nbrs":50,"min_nbrs":3,"min_sim":0.09248385068451875},"config":{"max_nbrs":50,"min_nbrs":3,"min_sim":0.09248385068451875}}
