{"RMSE":0.7772573988159206,"params":{"max_nbrs":34,"min_nbrs":1,"min_sim":0.0003432840320331464},"config":{"max_nbrs":34,"min_nbrs":1,"min_sim":0.0003432840320331464}}
