{"RMSE":0.7772887304272282,"config":{"max_nbrs":33,"min_nbrs":2,"min_sim":0.0003544097052146817}}
