{"RBP":0.19610143916207792,"config":{"max_nbrs":50,"min_nbrs":2,"min_sim":0.0054794077879665015}}
