{"RBP":0.22661130437621327,"params":{"max_nbrs":1982,"l1_reg":0.010192383767604065,"l2_reg":875.9527744087679},"config":{"max_nbrs":1982,"l1_reg":0.010192383767604065,"l2_reg":875.9527744087679}}
