{"n_users": 1208, "wall_time": 0.6604980998672545, "cpu_time": 0.6675940000000001, "cpu_usr": 0.6304400000000001, "cpu_sys": 0.03715400000000002, "rss_max_kb": 660060}
{"n_users": 1208, "wall_time": 0.5531615158542991, "cpu_time": 0.557596, "cpu_usr": 0.514033, "cpu_sys": 0.04356300000000002, "rss_max_kb": 884716}
{"n_users": 1208, "wall_time": 0.54986636294052, "cpu_time": 0.5559599999999999, "cpu_usr": 0.5330409999999999, "cpu_sys": 0.022919000000000023, "rss_max_kb": 1107520}
{"n_users": 1208, "wall_time": 0.5724181020632386, "cpu_time": 0.581111, "cpu_usr": 0.528006, "cpu_sys": 0.05310500000000007, "rss_max_kb": 1213636}
