{"n_users": 1208, "wall_time": 6.040570348035544, "cpu_time": 142.549045, "cpu_usr": 131.983649, "cpu_sys": 10.565396, "rss_max_kb": 1430368}
{"n_users": 1208, "wall_time": 5.409917674958706, "cpu_time": 140.953561, "cpu_usr": 130.597608, "cpu_sys": 10.355953, "rss_max_kb": 1438432}
{"n_users": 1208, "wall_time": 6.41035147709772, "cpu_time": 137.734794, "cpu_usr": 126.937501, "cpu_sys": 10.797293, "rss_max_kb": 1436356}
{"n_users": 1208, "wall_time": 5.438642401248217, "cpu_time": 136.39960299999998, "cpu_usr": 128.16268, "cpu_sys": 8.236923, "rss_max_kb": 1442852}
