{"n_users": 1208, "wall_time": 10.315686705056578, "cpu_time": 252.50715200000002, "cpu_usr": 76.934914, "cpu_sys": 175.572238, "rss_max_kb": 1042840}
{"n_users": 1208, "wall_time": 8.667760360054672, "cpu_time": 198.031786, "cpu_usr": 62.420893, "cpu_sys": 135.610893, "rss_max_kb": 1456264}
{"n_users": 1208, "wall_time": 8.651990046724677, "cpu_time": 181.566648, "cpu_usr": 58.092939, "cpu_sys": 123.473709, "rss_max_kb": 1672164}
{"n_users": 1208, "wall_time": 8.84550654469058, "cpu_time": 217.174364, "cpu_usr": 67.990151, "cpu_sys": 149.184213, "rss_max_kb": 1792916}
