{"n_users": 1208, "wall_time": 10.701046084053814, "cpu_time": 380.137803, "cpu_usr": 118.88166299999999, "cpu_sys": 261.25614, "rss_max_kb": 930128}
{"n_users": 1208, "wall_time": 9.584430067334324, "cpu_time": 346.910028, "cpu_usr": 102.374221, "cpu_sys": 244.535807, "rss_max_kb": 1285548}
{"n_users": 1208, "wall_time": 8.87841726699844, "cpu_time": 190.87895999999998, "cpu_usr": 60.054521, "cpu_sys": 130.82443899999998, "rss_max_kb": 1449712}
{"n_users": 1208, "wall_time": 9.409480418078601, "cpu_time": 277.04238, "cpu_usr": 81.858175, "cpu_sys": 195.184205, "rss_max_kb": 1674808}
