{"n_users": 1208, "wall_time": 9.26148784486577, "cpu_time": 526.66324, "cpu_usr": 490.93802, "cpu_sys": 35.72522, "rss_max_kb": 2012804}
{"n_users": 1208, "wall_time": 9.282595708034933, "cpu_time": 506.774725, "cpu_usr": 476.235437, "cpu_sys": 30.539288, "rss_max_kb": 1982012}
{"n_users": 1208, "wall_time": 9.67250870168209, "cpu_time": 664.027654, "cpu_usr": 624.835774, "cpu_sys": 39.19188, "rss_max_kb": 2014904}
{"n_users": 1208, "wall_time": 9.728301749099046, "cpu_time": 529.4574849999999, "cpu_usr": 501.07433499999996, "cpu_sys": 28.38315, "rss_max_kb": 1994032}
