{"RBP":0.21754004004937416,"epochs":4,"attempted_epochs":7,"final_metric":0.21731446900365642,"params":{"embedding_size%pow2":4,"regularization.user":0.00011508525357254309,"regularization.item":0.006574174518221739,"weight":5.090846024444698,"epochs":4},"config":{"embedding_size":16,"regularization":{"user":0.00011508525357254309,"item":0.006574174518221739},"weight":5.090846024444698,"epochs":4}}
