{"RMSE":0.7806560745215919,"epochs":0,"attempted_epochs":5,"final_metric":0.7490483442015605,"config":{"embedding_size_exp":10,"regularization":{"user":0.11540297220766613,"item":0.02002292323956577},"damping":{"user":52.16051750315829,"item":4.37132221712014e-8},"epochs":0}}
