{"RBP":0.21493310773911703,"epochs":7,"attempted_epochs":8,"final_metric":0.21493310773911703,"config":{"embedding_size_exp":5,"regularization":{"user":0.004231752921105334,"item":0.000016106231903073816},"weight":5.016550806763878,"epochs":7}}
