{"RBP":0.21780366876435048,"epochs":5,"attempted_epochs":6,"final_metric":0.21780366876435048,"config":{"embedding_size_exp":4,"regularization":{"user":0.017716146028097624,"item":0.000023967943276692832},"weight":5.004472488767347,"epochs":5}}
