{"RMSE":0.7831753950545589,"epochs":0,"attempted_epochs":7,"final_metric":0.7517625155049374,"config":{"embedding_size_exp":7,"regularization":{"user":0.036471149976260185,"item":0.09875802088401317},"damping":{"user":7.082484162823096,"item":31.294524624972354},"epochs":0}}
