{"RMSE":0.7814127679523069,"epochs":0,"attempted_epochs":6,"final_metric":0.7532288818969561,"params":{"embedding_size%pow2":9,"regularization.user":0.043806789507454376,"regularization.item":0.04608113471597768,"damping.user":1.8428604960260547e-12,"damping.item":0.027239709064064994,"epochs":0},"config":{"embedding_size":512,"regularization":{"user":0.043806789507454376,"item":0.04608113471597768},"damping":{"user":1.8428604960260547e-12,"item":0.027239709064064994},"epochs":0}}
