{"RMSE":0.783457527081429,"config":{"damping":{"user":53.74855640674929,"item":4.281349506859822}}}
