{"RMSE":0.7837152056308081,"config":{"damping":{"user":52.44927104982273,"item":2.4529738899932543}}}
