{"RBP":0.24109537205256404,"config":{"regularization":976.6673087873351}}
