{"RBP":0.24122037709539845,"config":{"regularization":992.4328154492943}}
