{"RBP":0.22994932971421317,"epochs":4,"attempted_epochs":5,"final_metric":0.22994932971421317,"params":{"embedding_size%pow2":4,"regularization":0.006054003358665331,"learning_rate":0.01775561941222518,"positive_weight":6,"item_bias":false,"epochs":4},"config":{"embedding_size":16,"regularization":0.006054003358665331,"learning_rate":0.01775561941222518,"positive_weight":6,"item_bias":false,"epochs":4}}
