{"RBP":0.25465830751652024,"epochs":7,"attempted_epochs":10,"final_metric":0.2540476795074879,"config":{"embedding_size":8,"regularization":0.22246844263823295,"learning_rate":0.0019132077888374044,"negative_count":5,"positive_weight":1,"item_bias":true,"epochs":7}}
