{"RBP":0.2534981744274304,"epochs":9,"attempted_epochs":13,"final_metric":0.252738852909384,"config":{"embedding_size":8,"regularization":0.3550674707863241,"learning_rate":0.0012950453592174558,"negative_count":2,"positive_weight":1,"user_bias":false,"item_bias":false,"epochs":9}}
