{"RBP":0.24702304254668545,"epochs":6,"attempted_epochs":7,"final_metric":0.24702304254668545,"params":{"embedding_size%pow2":5,"regularization":0.12538689220597782,"learning_rate":0.008197382229113767,"negative_count":5,"positive_weight":2,"user_bias":true,"item_bias":false,"epochs":6},"config":{"embedding_size":32,"regularization":0.12538689220597782,"learning_rate":0.008197382229113767,"negative_count":5,"positive_weight":2,"user_bias":true,"item_bias":false,"epochs":6}}
