{"RBP":0.23308674983830022,"epochs":4,"attempted_epochs":5,"final_metric":0.23308674983830022,"config":{"embedding_size":4,"regularization":0.00031402444546090047,"learning_rate":0.010819021996685989,"positive_weight":9,"item_bias":false,"epochs":4}}
