{"RMSE":0.7994974659354922,"epochs":0,"attempted_epochs":6,"final_metric":0.7578604100963284,"config":{"embedding_size_exp":8,"regularization":0.4409879972623566,"learning_rate":0.001472957187879274,"epochs":0}}
