{"RMSE":0.807303793854115,"epochs":0,"attempted_epochs":8,"final_metric":0.7589822576396832,"config":{"embedding_size":7,"regularization":0.439844531951468,"learning_rate":0.001450260534157353,"epochs":0}}
