{"RMSE":0.7920918440671416,"epochs":0,"attempted_epochs":5,"final_metric":0.7615267942991156,"config":{"embedding_size":5,"regularization":0.2320851149976665,"learning_rate":0.002270264236358733,"epochs":0}}
