{"RBP":0.25694139239318753,"epochs":13,"attempted_epochs":17,"final_metric":0.25622836486374456,"config":{"embedding_size":7,"regularization":0.1508834566383446,"learning_rate":0.0013636695728071295,"negative_count":3,"positive_weight":1,"item_bias":false,"epochs":13}}
