{"RMSE":0.7817248916315781,"epochs":0,"attempted_epochs":7,"final_metric":0.7597514051850497,"params":{"embedding_size%pow2":4,"regularization":0.08905278138677229,"learning_rate":0.004046328558081029,"epochs":0},"config":{"embedding_size":16,"regularization":0.08905278138677229,"learning_rate":0.004046328558081029,"epochs":0}}
