{"RBP":0.25118216945208277,"epochs":8,"attempted_epochs":9,"final_metric":0.25118216945208277,"config":{"embedding_size":6,"regularization":0.1320383827850104,"learning_rate":0.0016896147519741237,"negative_count":3,"positive_weight":1,"user_bias":false,"item_bias":true,"epochs":8}}
