{"RBP":0.2544876557338472,"epochs":16,"attempted_epochs":18,"final_metric":0.2543223299797379,"params":{"embedding_size%pow2":6,"regularization":0.0628990658630809,"learning_rate":0.0019959317316556643,"negative_count":3,"positive_weight":4,"item_bias":true,"epochs":16},"config":{"embedding_size":64,"regularization":0.0628990658630809,"learning_rate":0.0019959317316556643,"negative_count":3,"positive_weight":4,"item_bias":true,"epochs":16}}
