{"RMSE":0.7587942303197477,"params":{"max_nbrs":32,"min_nbrs":5,"min_sim":5.242427159124931e-6},"config":{"max_nbrs":32,"min_nbrs":5,"min_sim":5.242427159124931e-6}}
