{"RMSE":0.7587931848299817,"config":{"max_nbrs":33,"min_nbrs":5,"min_sim":0.00019100828516027544}}
