{"RBP":0.20073493608653814,"params":{"max_nbrs":50,"min_nbrs":1,"min_sim":0.006449425842214629},"config":{"max_nbrs":50,"min_nbrs":1,"min_sim":0.006449425842214629}}
