{"RBP":0.20073491475794206,"config":{"max_nbrs":50,"min_nbrs":1,"min_sim":0.00006688571302023818}}
