{"RBP":0.24198660905764477,"params":{"l1_reg":0.08623019583427596,"l2_reg":963.1270879611342},"config":{"l1_reg":0.08623019583427596,"l2_reg":963.1270879611342}}
