{"RBP":0.24196442603125898,"config":{"l1_reg":0.12586376160964027,"l2_reg":984.8297453636801}}
