{"RBP":0.24148330585016445,"config":{"max_nbrs":1982,"l1_reg":0.8635311124648395,"l2_reg":875.9527744087679}}
