{"RBP":0.2417404087403051,"params":{"max_nbrs":1457,"l1_reg":0.4196938841851141,"l2_reg":975.6974058478926},"config":{"max_nbrs":1457,"l1_reg":0.4196938841851141,"l2_reg":975.6974058478926}}
