{"RMSE":0.7783594014559688,"params":{"max_nbrs":48,"min_nbrs":1,"min_sim":0.0010335941904819534},"config":{"max_nbrs":48,"min_nbrs":1,"min_sim":0.0010335941904819534}}
