{"RMSE":0.7783592752965742,"config":{"max_nbrs":48,"min_nbrs":1,"min_sim":0.0009433511722683737}}
