{"RBP":0.23501976541596536,"config":{"max_nbrs":50,"min_nbrs":3,"min_sim":0.00567010272332751}}
