{"RBP":0.2350710896659858,"config":{"max_nbrs":50,"min_nbrs":1,"min_sim":0.0010392845275846382}}
