{
  "run": 29,
  "features": 250,
  "reg": 0.1,
  "TrainTime": 396.5054016113281,
  "TrainCPU": 66736.234375,
  "TrainMemMB": 13757.5859375,
  "nrecs": 100.0,
  "ntruth": 5.0,
  "recip_rank": 0.017091428926083937,
  "ndcg": 0.021476339979607316,
  "rmse": 0.7724081330684118,
  "mae": 0.6459362412857538
}
