{
  "rec_idx": 3,
  "user_damping": 0,
  "item_damping": 10,
  "TrainTime": 6.0532002449035645,
  "TrainCPU": 6.055596828460693,
  "TrainMemMB": 3452.08203125,
  "nrecs": 100.0,
  "ntruth": 5.0,
  "recip_rank": 0.0310807964181585,
  "ndcg": 0.038310826563295146,
  "rmse": 0.8194648880093017,
  "mae": 0.6879673572354568
}
