{
  "rec_idx": 11,
  "nnbrs": 50,
  "min_nbrs": 1,
  "TrainTime": 207.59393310546875,
  "TrainCPU": 8328.326171875,
  "TrainMemMB": 65875.984375,
  "nrecs": 100.0,
  "ntruth": 5.0,
  "recip_rank": 0.31124548749411823,
  "ndcg": 0.23646006218936216
}
