{
  "run": 6,
  "nnbrs": 15,
  "min_nbrs": 2,
  "TrainTime": 112.29523468017578,
  "TrainCPU": 7470.396484375,
  "TrainMemMB": 33238.34375,
  "nrecs": 100.0,
  "ntruth": 5.0,
  "recip_rank": 0.0004724243015953447,
  "ndcg": 0.0011953876998518004,
  "rmse": 0.7539706636184462,
  "mae": 0.6267292114283871
}
